image_index,member,true_positive_parasitized,corruption,parasitized_score,predicted_positive,review_required,review_reason,quality_passed,brightness_mean,contrast_std,focus_score,saturation_mean
0,cell_images/Parasitized/C118P79ThinF_IMG_20151002_105827_cell_130.png,1,clean,0.4531528949737549,1,0,Score is outside the configured review band.,1,88.4088363647461,80.52808380126953,445.93115234375,0.19048891961574554
0,cell_images/Parasitized/C118P79ThinF_IMG_20151002_105827_cell_130.png,1,gaussian_blur,0.936565488576889,1,1,Input validation raised image-quality warnings.,0,88.39505004882812,75.7266845703125,38.954429626464844,0.23583024740219116
0,cell_images/Parasitized/C118P79ThinF_IMG_20151002_105827_cell_130.png,1,low_contrast,0.5661090016365051,1,1,Input validation raised image-quality warnings.,0,87.70464324951172,36.165977478027344,90.09345245361328,0.12674656510353088
0,cell_images/Parasitized/C118P79ThinF_IMG_20151002_105827_cell_130.png,1,underexposed,0.6305257976055145,1,1,Input validation raised image-quality warnings.,0,39.53496170043945,36.01206970214844,89.1956787109375,0.19045495986938477
0,cell_images/Parasitized/C118P79ThinF_IMG_20151002_105827_cell_130.png,1,overexposed,0.7116246819496155,1,0,Score is outside the configured review band.,1,129.91329956054688,118.23663330078125,944.2427978515625,0.058271437883377075
0,cell_images/Parasitized/C118P79ThinF_IMG_20151002_105827_cell_130.png,1,gaussian_noise,0.5608649551868439,1,0,Score is outside the configured review band.,1,91.65138244628906,77.1136703491211,665.527587890625,0.58613121509552
0,cell_images/Parasitized/C118P79ThinF_IMG_20151002_105827_cell_130.png,1,jpeg_compression,0.969294473528862,1,0,Score is outside the configured review band.,1,89.99761962890625,78.55847930908203,354.9774169921875,0.32899725437164307
1,cell_images/Uninfected/C77P38ThinF_IMG_20150601_152941_cell_83.png,0,clean,0.2179369330406189,0,1,Score is within 0.075 of the decision threshold.,1,93.51884460449219,64.4395980834961,409.43267822265625,0.2837018370628357
1,cell_images/Uninfected/C77P38ThinF_IMG_20150601_152941_cell_83.png,0,gaussian_blur,0.6541408896446228,1,1,Input validation raised image-quality warnings.,0,93.48429107666016,58.82331466674805,35.452606201171875,0.3345293700695038
1,cell_images/Uninfected/C77P38ThinF_IMG_20150601_152941_cell_83.png,0,low_contrast,0.1102151870727539,0,1,Input validation raised image-quality warnings.,0,93.2353286743164,29.101228713989258,83.50144958496094,0.17601680755615234
1,cell_images/Uninfected/C77P38ThinF_IMG_20150601_152941_cell_83.png,0,underexposed,0.21075910329818726,0,1,Score is within 0.075 of the decision threshold. Input validation raised image-quality warnings.,0,41.76436233520508,28.78155517578125,81.82412719726562,0.28532302379608154
1,cell_images/Uninfected/C77P38ThinF_IMG_20150601_152941_cell_83.png,0,overexposed,0.919618621468544,1,0,Score is outside the configured review band.,1,143.0611114501953,98.23512268066406,919.3184814453125,0.19966092705726624
1,cell_images/Uninfected/C77P38ThinF_IMG_20150601_152941_cell_83.png,0,gaussian_noise,0.2363795042037964,0,1,Score is within 0.075 of the decision threshold.,1,95.6204833984375,61.65196228027344,658.1714477539062,0.5497648119926453
1,cell_images/Uninfected/C77P38ThinF_IMG_20150601_152941_cell_83.png,0,jpeg_compression,0.9032565727829933,1,0,Score is outside the configured review band.,1,94.98320770263672,62.27455139160156,311.9666748046875,0.3994402289390564
2,cell_images/Parasitized/C116P77ThinF_IMG_20150930_171448_cell_109.png,1,clean,0.5331725180149078,1,0,Score is outside the configured review band.,1,102.59432220458984,52.29088592529297,391.8101806640625,0.3312903642654419
2,cell_images/Parasitized/C116P77ThinF_IMG_20150930_171448_cell_109.png,1,gaussian_blur,0.3431742191314697,1,1,Score is within 0.075 of the decision threshold. Input validation raised image-quality warnings.,0,102.5265884399414,45.76739501953125,30.30425453186035,0.3588477373123169
2,cell_images/Parasitized/C116P77ThinF_IMG_20150930_171448_cell_109.png,1,low_contrast,0.22612392902374268,0,1,Score is within 0.075 of the decision threshold. Input validation raised image-quality warnings.,0,102.30870819091797,23.59595489501953,79.7572250366211,0.18942920863628387
2,cell_images/Parasitized/C116P77ThinF_IMG_20150930_171448_cell_109.png,1,underexposed,0.3589833974838257,1,1,Score is within 0.075 of the decision threshold. Input validation raised image-quality warnings.,0,45.789947509765625,23.35838508605957,78.44735717773438,0.333347886800766
2,cell_images/Parasitized/C116P77ThinF_IMG_20150930_171448_cell_109.png,1,overexposed,0.9772014189511538,1,0,Score is outside the configured review band.,1,162.31085205078125,81.02638244628906,836.3629760742188,0.2792107164859772
2,cell_images/Parasitized/C116P77ThinF_IMG_20150930_171448_cell_109.png,1,gaussian_noise,0.20854628086090088,0,0,Score is outside the configured review band.,1,103.63880157470703,50.751590728759766,682.32666015625,0.5022442936897278
2,cell_images/Parasitized/C116P77ThinF_IMG_20150930_171448_cell_109.png,1,jpeg_compression,0.990977581590414,1,0,Score is outside the configured review band.,1,103.75434112548828,50.199520111083984,306.56878662109375,0.4210547208786011
3,cell_images/Uninfected/C160P121ThinF_IMG_20151116_094128_cell_4.png,0,clean,0.03319990634918213,0,0,Score is outside the configured review band.,1,119.73497009277344,80.15408325195312,543.2232055664062,0.03741174191236496
3,cell_images/Uninfected/C160P121ThinF_IMG_20151116_094128_cell_4.png,0,gaussian_blur,0.18849730491638184,0,1,Input validation raised image-quality warnings.,0,119.71451568603516,74.13648986816406,49.417457580566406,0.041071683168411255
3,cell_images/Uninfected/C160P121ThinF_IMG_20151116_094128_cell_4.png,0,low_contrast,0.03440362215042114,0,1,Input validation raised image-quality warnings.,0,119.55358123779297,35.85076904296875,108.77720642089844,0.020954616367816925
3,cell_images/Uninfected/C160P121ThinF_IMG_20151116_094128_cell_4.png,0,underexposed,0.036777496337890625,0,1,Input validation raised image-quality warnings.,0,53.55358123779297,35.85076904296875,108.77720642089844,0.03806256502866745
3,cell_images/Uninfected/C160P121ThinF_IMG_20151116_094128_cell_4.png,0,overexposed,0.10565900802612305,0,0,Score is outside the configured review band.,1,176.2193603515625,117.82476806640625,1079.5277099609375,0.0
3,cell_images/Uninfected/C160P121ThinF_IMG_20151116_094128_cell_4.png,0,gaussian_noise,0.08837229013442993,0,0,Score is outside the configured review band.,1,121.95655059814453,77.28202819824219,785.8041381835938,0.38311612606048584
3,cell_images/Uninfected/C160P121ThinF_IMG_20151116_094128_cell_4.png,0,jpeg_compression,0.090889573097229,0,0,Score is outside the configured review band.,1,121.01180267333984,78.27203369140625,423.16668701171875,0.03932958468794823
4,cell_images/Uninfected/C188P149ThinF_IMG_20151203_135433_cell_2.png,0,clean,0.011786699295043945,0,0,Score is outside the configured review band.,1,135.33738708496094,76.48179626464844,477.3765869140625,0.06182526424527168
4,cell_images/Uninfected/C188P149ThinF_IMG_20151203_135433_cell_2.png,0,gaussian_blur,0.6326196491718292,1,1,Input validation raised image-quality warnings.,0,135.30099487304688,70.86803436279297,44.668060302734375,0.06655687093734741
4,cell_images/Uninfected/C188P149ThinF_IMG_20151203_135433_cell_2.png,0,low_contrast,0.006812572479248047,0,1,Input validation raised image-quality warnings.,0,134.740478515625,34.327003479003906,96.33025360107422,0.03276386857032776
4,cell_images/Uninfected/C188P149ThinF_IMG_20151203_135433_cell_2.png,0,underexposed,0.01209646463394165,0,1,Input validation raised image-quality warnings.,0,60.52104568481445,34.202293395996094,95.52198028564453,0.06286326050758362
4,cell_images/Uninfected/C188P149ThinF_IMG_20151203_135433_cell_2.png,0,overexposed,0.04810738563537598,0,0,Score is outside the configured review band.,1,193.39309692382812,109.15287780761719,861.2109375,0.0
4,cell_images/Uninfected/C188P149ThinF_IMG_20151203_135433_cell_2.png,0,gaussian_noise,0.034828364849090576,0,0,Score is outside the configured review band.,1,136.85838317871094,73.9113998413086,744.9969482421875,0.3366153836250305
4,cell_images/Uninfected/C188P149ThinF_IMG_20151203_135433_cell_2.png,0,jpeg_compression,0.1434001922607422,0,0,Score is outside the configured review band.,1,136.9695281982422,75.04364013671875,378.8499755859375,0.07198481261730194
5,cell_images/Uninfected/C85P46ThinF_IMG_20150820_105154_cell_104.png,0,clean,0.05986851453781128,0,0,Score is outside the configured review band.,1,122.95354461669922,79.093017578125,452.9065856933594,0.17920000851154327
5,cell_images/Uninfected/C85P46ThinF_IMG_20150820_105154_cell_104.png,0,gaussian_blur,0.3866143226623535,1,1,Input validation raised image-quality warnings.,0,122.91979217529297,74.01951599121094,41.11030197143555,0.20203837752342224
5,cell_images/Uninfected/C85P46ThinF_IMG_20150820_105154_cell_104.png,0,low_contrast,0.01564890146255493,0,1,Input validation raised image-quality warnings.,0,122.44937896728516,35.67001724243164,92.15200805664062,0.10424532741308212
5,cell_images/Uninfected/C85P46ThinF_IMG_20150820_105154_cell_104.png,0,underexposed,0.03129464387893677,0,1,Input validation raised image-quality warnings.,0,55.001399993896484,35.381622314453125,90.62522888183594,0.18055635690689087
5,cell_images/Uninfected/C85P46ThinF_IMG_20150820_105154_cell_104.png,0,overexposed,0.11013132333755493,0,0,Score is outside the configured review band.,1,180.26060485839844,115.85480499267578,892.2559204101562,0.00557595444843173
5,cell_images/Uninfected/C85P46ThinF_IMG_20150820_105154_cell_104.png,0,gaussian_noise,0.14866304397583008,0,0,Score is outside the configured review band.,1,124.82540893554688,76.18179321289062,710.923095703125,0.4517453908920288
5,cell_images/Uninfected/C85P46ThinF_IMG_20150820_105154_cell_104.png,0,jpeg_compression,0.519440084695816,1,0,Score is outside the configured review band.,1,124.14285278320312,77.06550598144531,345.534423828125,0.28322669863700867
6,cell_images/Parasitized/C116P77ThinF_IMG_20150930_171219_cell_113.png,1,clean,0.22058320045471191,0,1,Score is within 0.075 of the decision threshold.,1,90.05139923095703,58.31766128540039,438.3900146484375,0.2846733033657074
6,cell_images/Parasitized/C116P77ThinF_IMG_20150930_171219_cell_113.png,1,gaussian_blur,0.9530119188129902,1,1,Input validation raised image-quality warnings.,0,89.98584747314453,51.68098449707031,35.4207878112793,0.31798550486564636
6,cell_images/Parasitized/C116P77ThinF_IMG_20150930_171219_cell_113.png,1,low_contrast,0.06074726581573486,0,1,Input validation raised image-quality warnings.,0,89.5428237915039,26.25460433959961,88.86383056640625,0.17172560095787048
6,cell_images/Parasitized/C116P77ThinF_IMG_20150930_171219_cell_113.png,1,underexposed,0.11072641611099243,0,1,Input validation raised image-quality warnings.,0,40.187137603759766,26.035045623779297,87.6722640991211,0.28665077686309814
6,cell_images/Parasitized/C116P77ThinF_IMG_20150930_171219_cell_113.png,1,overexposed,0.9840388130396605,1,0,Score is outside the configured review band.,1,143.3917236328125,91.84751892089844,973.6221923828125,0.24717724323272705
6,cell_images/Parasitized/C116P77ThinF_IMG_20150930_171219_cell_113.png,1,gaussian_noise,0.2443491816520691,0,1,Score is within 0.075 of the decision threshold.,1,91.81143951416016,55.903831481933594,688.6202392578125,0.530206024646759
6,cell_images/Parasitized/C116P77ThinF_IMG_20150930_171219_cell_113.png,1,jpeg_compression,0.9950020513497293,1,0,Score is outside the configured review band.,1,91.37239074707031,56.356689453125,352.448486328125,0.39513587951660156
7,cell_images/Uninfected/C140P101ThinF_IMG_20151005_210207_cell_96.png,0,clean,0.29648274183273315,1,1,Score is within 0.075 of the decision threshold.,1,103.3528060913086,79.4906234741211,426.8239440917969,0.20570403337478638
7,cell_images/Uninfected/C140P101ThinF_IMG_20151005_210207_cell_96.png,0,gaussian_blur,0.9007111713290215,1,1,Input validation raised image-quality warnings.,0,103.33108520507812,74.58102416992188,40.02131652832031,0.2333810031414032
7,cell_images/Uninfected/C140P101ThinF_IMG_20151005_210207_cell_96.png,0,low_contrast,0.3379676938056946,1,1,Score is within 0.075 of the decision threshold. Input validation raised image-quality warnings.,0,102.62580871582031,35.85988235473633,86.82012939453125,0.12832491099834442
7,cell_images/Uninfected/C140P101ThinF_IMG_20151005_210207_cell_96.png,0,underexposed,0.39688539505004883,1,1,Input validation raised image-quality warnings.,0,46.21106719970703,35.5428352355957,85.4195556640625,0.20657211542129517
7,cell_images/Uninfected/C140P101ThinF_IMG_20151005_210207_cell_96.png,0,overexposed,0.5655880868434906,1,0,Score is outside the configured review band.,1,152.93276977539062,117.462158203125,862.1153564453125,0.06168845295906067
7,cell_images/Uninfected/C140P101ThinF_IMG_20151005_210207_cell_96.png,0,gaussian_noise,0.16712230443954468,0,0,Score is outside the configured review band.,1,105.94112396240234,76.36658477783203,661.8406982421875,0.5350676774978638
7,cell_images/Uninfected/C140P101ThinF_IMG_20151005_210207_cell_96.png,0,jpeg_compression,0.644890695810318,1,0,Score is outside the configured review band.,1,104.66915130615234,77.58784484863281,344.6665344238281,0.30067113041877747
8,cell_images/Parasitized/C99P60ThinF_IMG_20150918_142334_cell_1.png,1,clean,0.9899337934330106,1,0,Score is outside the configured review band.,1,107.33048248291016,78.79645538330078,400.6801452636719,0.1992761343717575
8,cell_images/Parasitized/C99P60ThinF_IMG_20150918_142334_cell_1.png,1,gaussian_blur,0.9997839243442286,1,1,Input validation raised image-quality warnings.,0,107.31537628173828,74.14119720458984,38.398719787597656,0.22298061847686768
8,cell_images/Parasitized/C99P60ThinF_IMG_20150918_142334_cell_1.png,1,low_contrast,0.9854473900049925,1,1,Input validation raised image-quality warnings.,0,106.55247497558594,35.643272399902344,81.92591857910156,0.12279634177684784
8,cell_images/Parasitized/C99P60ThinF_IMG_20150918_142334_cell_1.png,1,underexposed,0.9870325196534395,1,1,Input validation raised image-quality warnings.,0,47.9854736328125,35.230525970458984,80.17704010009766,0.20025955140590668
8,cell_images/Parasitized/C99P60ThinF_IMG_20150918_142334_cell_1.png,1,overexposed,0.9996078238473274,1,0,Score is outside the configured review band.,1,158.80419921875,116.40057373046875,807.2318115234375,0.044114865362644196
8,cell_images/Parasitized/C99P60ThinF_IMG_20150918_142334_cell_1.png,1,gaussian_noise,0.1385403871536255,0,0,Score is outside the configured review band.,1,109.70659637451172,75.71228790283203,656.2557373046875,0.513929545879364
8,cell_images/Parasitized/C99P60ThinF_IMG_20150918_142334_cell_1.png,1,jpeg_compression,0.9963047513738275,1,0,Score is outside the configured review band.,1,108.71089172363281,76.92835998535156,305.2345886230469,0.3070424497127533
9,cell_images/Uninfected/C46P7ThinF_IMG_20151130_205558_cell_35.png,0,clean,0.043138861656188965,0,0,Score is outside the configured review band.,1,121.66598510742188,64.25729370117188,492.3768005371094,0.11705318093299866
9,cell_images/Uninfected/C46P7ThinF_IMG_20151130_205558_cell_35.png,0,gaussian_blur,0.9735212866216898,1,1,Input validation raised image-quality warnings.,0,121.62093353271484,57.321929931640625,43.31092071533203,0.12856478989124298
9,cell_images/Uninfected/C46P7ThinF_IMG_20151130_205558_cell_35.png,0,low_contrast,0.039812445640563965,0,1,Input validation raised image-quality warnings.,0,121.450927734375,28.76061248779297,98.80889129638672,0.06402706354856491
9,cell_images/Uninfected/C46P7ThinF_IMG_20151130_205558_cell_35.png,0,underexposed,0.02870643138885498,0,1,Input validation raised image-quality warnings.,0,54.37925720214844,28.722484588623047,98.46430969238281,0.11826302856206894
9,cell_images/Uninfected/C46P7ThinF_IMG_20151130_205558_cell_35.png,0,overexposed,0.11064332723617554,0,0,Score is outside the configured review band.,1,195.06825256347656,102.82909393310547,1157.43994140625,0.02270171232521534
9,cell_images/Uninfected/C46P7ThinF_IMG_20151130_205558_cell_35.png,0,gaussian_noise,0.07028931379318237,0,0,Score is outside the configured review band.,1,122.86095428466797,62.03322219848633,764.887939453125,0.36218979954719543
9,cell_images/Uninfected/C46P7ThinF_IMG_20151130_205558_cell_35.png,0,jpeg_compression,0.13159328699111938,0,0,Score is outside the configured review band.,1,122.53933715820312,62.24808120727539,385.23486328125,0.1799105703830719
10,cell_images/Uninfected/C56P17thinF_IMG_20150728_153328_cell_33.png,0,clean,0.07461845874786377,0,0,Score is outside the configured review band.,1,117.5805892944336,69.91584777832031,500.7170715332031,0.10678493976593018
10,cell_images/Uninfected/C56P17thinF_IMG_20150728_153328_cell_33.png,0,gaussian_blur,0.8765420392155647,1,1,Input validation raised image-quality warnings.,0,117.54293060302734,63.4931640625,44.390411376953125,0.12749938666820526
10,cell_images/Uninfected/C56P17thinF_IMG_20150728_153328_cell_33.png,0,low_contrast,0.03213995695114136,0,1,Input validation raised image-quality warnings.,0,117.21808624267578,31.64351463317871,102.57463073730469,0.05903760716319084
10,cell_images/Uninfected/C56P17thinF_IMG_20150728_153328_cell_33.png,0,underexposed,0.05744415521621704,0,1,Input validation raised image-quality warnings.,0,52.55717849731445,31.253541946411133,100.20533752441406,0.10733713209629059
10,cell_images/Uninfected/C56P17thinF_IMG_20150728_153328_cell_33.png,0,overexposed,0.07088172435760498,0,0,Score is outside the configured review band.,1,184.62899780273438,109.19446563720703,1076.0576171875,0.027521520853042603
10,cell_images/Uninfected/C56P17thinF_IMG_20150728_153328_cell_33.png,0,gaussian_noise,0.19240045547485352,0,0,Score is outside the configured review band.,1,119.28135681152344,67.42080688476562,766.0392456054688,0.3827090859413147
10,cell_images/Uninfected/C56P17thinF_IMG_20150728_153328_cell_33.png,0,jpeg_compression,0.38034093379974365,1,0,Score is outside the configured review band.,1,118.95115661621094,67.81697845458984,385.0352783203125,0.21846230328083038
11,cell_images/Parasitized/C184P145ThinF_IMG_20151203_102405_cell_165.png,1,clean,0.9996182270697318,1,0,Score is outside the configured review band.,1,111.4759521484375,62.274261474609375,357.400634765625,0.18241599202156067
11,cell_images/Parasitized/C184P145ThinF_IMG_20151203_102405_cell_165.png,1,gaussian_blur,0.966952808201313,1,1,Input validation raised image-quality warnings.,0,111.44546508789062,57.13518524169922,31.315584182739258,0.19198258221149445
11,cell_images/Parasitized/C184P145ThinF_IMG_20151203_102405_cell_165.png,1,low_contrast,0.7811606377363205,1,1,Input validation raised image-quality warnings.,0,110.83314514160156,27.8446044921875,71.65972137451172,0.10422017425298691
11,cell_images/Parasitized/C184P145ThinF_IMG_20151203_102405_cell_165.png,1,underexposed,0.9036259576678276,1,1,Input validation raised image-quality warnings.,0,49.79717254638672,27.82632064819336,71.56083679199219,0.18383947014808655
11,cell_images/Parasitized/C184P145ThinF_IMG_20151203_102405_cell_165.png,1,overexposed,0.9999382580281235,1,0,Score is outside the configured review band.,1,178.10809326171875,98.92816925048828,768.650390625,0.08797476440668106
11,cell_images/Parasitized/C184P145ThinF_IMG_20151203_102405_cell_165.png,1,gaussian_noise,0.8425349593162537,1,0,Score is outside the configured review band.,1,112.81455993652344,60.1181526184082,650.8753662109375,0.41695478558540344
11,cell_images/Parasitized/C184P145ThinF_IMG_20151203_102405_cell_165.png,1,jpeg_compression,0.9958803062327206,1,0,Score is outside the configured review band.,1,112.5551528930664,60.66769027709961,284.8699951171875,0.2547685503959656
12,cell_images/Parasitized/C188P149ThinF_IMG_20151203_134209_cell_204.png,1,clean,0.9493697583675385,1,0,Score is outside the configured review band.,1,116.54421997070312,76.6125259399414,457.50738525390625,0.07862582802772522
12,cell_images/Parasitized/C188P149ThinF_IMG_20151203_134209_cell_204.png,1,gaussian_blur,0.9492536224424839,1,1,Input validation raised image-quality warnings.,0,116.5194091796875,71.27259063720703,42.11046600341797,0.08492451161146164
12,cell_images/Parasitized/C188P149ThinF_IMG_20151203_134209_cell_204.png,1,low_contrast,0.16118347644805908,0,1,Input validation raised image-quality warnings.,0,116.35932159423828,34.41999053955078,92.43585205078125,0.04381401464343071
12,cell_images/Parasitized/C188P149ThinF_IMG_20151203_134209_cell_204.png,1,underexposed,0.24826723337173462,0,1,Score is within 0.075 of the decision threshold. Input validation raised image-quality warnings.,0,52.12488555908203,34.26715850830078,91.57489013671875,0.07909227162599564
12,cell_images/Parasitized/C188P149ThinF_IMG_20151203_134209_cell_204.png,1,overexposed,0.979997931048274,1,0,Score is outside the configured review band.,1,177.67381286621094,116.54940795898438,924.4105224609375,0.005204671062529087
12,cell_images/Parasitized/C188P149ThinF_IMG_20151203_134209_cell_204.png,1,gaussian_noise,0.06671249866485596,0,0,Score is outside the configured review band.,1,118.50869750976562,73.75220489501953,711.5253295898438,0.39090725779533386
12,cell_images/Parasitized/C188P149ThinF_IMG_20151203_134209_cell_204.png,1,jpeg_compression,0.8378144204616547,1,0,Score is outside the configured review band.,1,117.9291000366211,74.9608154296875,369.68243408203125,0.10211541503667831
13,cell_images/Parasitized/C180P141NThinF_IMG_20151201_165528_cell_174.png,1,clean,0.7802985161542892,1,0,Score is outside the configured review band.,1,125.22373962402344,84.45948028564453,439.33624267578125,0.03210388496518135
13,cell_images/Parasitized/C180P141NThinF_IMG_20151201_165528_cell_174.png,1,gaussian_blur,0.9829788506031036,1,1,Input validation raised image-quality warnings.,0,125.20097351074219,79.72712707519531,42.415802001953125,0.03338366746902466
13,cell_images/Parasitized/C180P141NThinF_IMG_20151201_165528_cell_174.png,1,low_contrast,0.3142300844192505,1,1,Score is within 0.075 of the decision threshold. Input validation raised image-quality warnings.,0,124.54943084716797,38.14157485961914,89.65621948242188,0.01772499270737171
13,cell_images/Parasitized/C180P141NThinF_IMG_20151201_165528_cell_174.png,1,underexposed,0.5763468146324158,1,1,Input validation raised image-quality warnings.,0,56.0338249206543,37.79341506958008,87.9727783203125,0.031934913247823715
13,cell_images/Parasitized/C180P141NThinF_IMG_20151201_165528_cell_174.png,1,overexposed,0.48783206939697266,1,0,Score is outside the configured review band.,1,175.1683807373047,117.98587036132812,801.6339111328125,0.002057809615507722
13,cell_images/Parasitized/C180P141NThinF_IMG_20151201_165528_cell_174.png,1,gaussian_noise,0.6878414750099182,1,0,Score is outside the configured review band.,1,127.41544342041016,81.52495574951172,702.9998168945312,0.38038986921310425
13,cell_images/Parasitized/C180P141NThinF_IMG_20151201_165528_cell_174.png,1,jpeg_compression,0.9860990084707737,1,0,Score is outside the configured review band.,1,126.45915222167969,82.94361114501953,347.37957763671875,0.036467887461185455
14,cell_images/Parasitized/C119P80ThinF_IMG_20151002_124425_cell_133.png,1,clean,0.9490706101059914,1,0,Score is outside the configured review band.,1,117.61945343017578,71.05355072021484,443.16986083984375,0.23336942493915558
14,cell_images/Parasitized/C119P80ThinF_IMG_20151002_124425_cell_133.png,1,gaussian_blur,0.9302649721503258,1,1,Input validation raised image-quality warnings.,0,117.58540344238281,65.46688842773438,38.96611785888672,0.2593157887458801
14,cell_images/Parasitized/C119P80ThinF_IMG_20151002_124425_cell_133.png,1,low_contrast,0.7630308866500854,1,1,Input validation raised image-quality warnings.,0,117.23634338378906,32.15768051147461,90.72213745117188,0.13712701201438904
14,cell_images/Parasitized/C119P80ThinF_IMG_20151002_124425_cell_133.png,1,underexposed,0.8434796780347824,1,1,Input validation raised image-quality warnings.,0,52.605010986328125,31.780452728271484,88.674560546875,0.2337263822555542
14,cell_images/Parasitized/C119P80ThinF_IMG_20151002_124425_cell_133.png,1,overexposed,0.9996793414757121,1,0,Score is outside the configured review band.,1,175.17779541015625,105.59485626220703,899.1173706054688,0.07233326882123947
14,cell_images/Parasitized/C119P80ThinF_IMG_20151002_124425_cell_133.png,1,gaussian_noise,0.12827414274215698,0,0,Score is outside the configured review band.,1,119.4176254272461,68.50824737548828,712.2403564453125,0.48616793751716614
14,cell_images/Parasitized/C119P80ThinF_IMG_20151002_124425_cell_133.png,1,jpeg_compression,0.9812928196042776,1,0,Score is outside the configured review band.,1,118.91890716552734,69.27271270751953,365.1837463378906,0.3354170322418213
15,cell_images/Uninfected/C52P13thinF_IMG_20150725_124830_cell_86.png,0,clean,0.08423715829849243,0,0,Score is outside the configured review band.,1,111.235595703125,81.044189453125,477.443115234375,0.14716142416000366
15,cell_images/Uninfected/C52P13thinF_IMG_20150725_124830_cell_86.png,0,gaussian_blur,0.04567313194274902,0,1,Input validation raised image-quality warnings.,0,111.20146942138672,75.6502456665039,45.15345764160156,0.17101925611495972
15,cell_images/Uninfected/C52P13thinF_IMG_20150725_124830_cell_86.png,0,low_contrast,0.05411255359649658,0,1,Input validation raised image-quality warnings.,0,110.76868438720703,36.261375427246094,95.66287994384766,0.08766783773899078
15,cell_images/Uninfected/C52P13thinF_IMG_20150725_124830_cell_86.png,0,underexposed,0.04603242874145508,0,1,Input validation raised image-quality warnings.,0,49.754371643066406,36.25120162963867,95.55772399902344,0.14854906499385834
15,cell_images/Uninfected/C52P13thinF_IMG_20150725_124830_cell_86.png,0,overexposed,0.1760197877883911,0,0,Score is outside the configured review band.,1,166.2781982421875,121.0381851196289,973.3206176757812,0.00790171604603529
15,cell_images/Uninfected/C52P13thinF_IMG_20150725_124830_cell_86.png,0,gaussian_noise,0.07056796550750732,0,0,Score is outside the configured review band.,1,113.61148834228516,78.01815795898438,719.9625244140625,0.4630064368247986
15,cell_images/Uninfected/C52P13thinF_IMG_20150725_124830_cell_86.png,0,jpeg_compression,0.10365748405456543,0,0,Score is outside the configured review band.,1,112.83277893066406,79.19401550292969,373.03369140625,0.26637017726898193
16,cell_images/Parasitized/C132P93ThinF_IMG_20151004_152808_cell_3.png,1,clean,0.9999608512771374,1,0,Score is outside the configured review band.,1,114.54286193847656,65.63298034667969,549.007568359375,0.2877337634563446
16,cell_images/Parasitized/C132P93ThinF_IMG_20151004_152808_cell_3.png,1,gaussian_blur,0.9998856987876934,1,1,Input validation raised image-quality warnings.,0,114.53185272216797,57.73659133911133,50.39228439331055,0.31986257433891296
16,cell_images/Parasitized/C132P93ThinF_IMG_20151004_152808_cell_3.png,1,low_contrast,0.9947836264036596,1,1,Input validation raised image-quality warnings.,0,114.36701202392578,29.44046974182129,110.67800903320312,0.16834254562854767
16,cell_images/Parasitized/C132P93ThinF_IMG_20151004_152808_cell_3.png,1,underexposed,0.9971010615117848,1,1,Input validation raised image-quality warnings.,0,51.189727783203125,29.343656539916992,109.98196411132812,0.289347380399704
16,cell_images/Parasitized/C132P93ThinF_IMG_20151004_152808_cell_3.png,1,overexposed,0.9999999692865416,1,0,Score is outside the configured review band.,1,170.36761474609375,96.38587951660156,1063.60791015625,0.14951053261756897
16,cell_images/Parasitized/C132P93ThinF_IMG_20151004_152808_cell_3.png,1,gaussian_noise,0.9181734248995781,1,0,Score is outside the configured review band.,1,116.01010131835938,63.43239974975586,806.345458984375,0.49961310625076294
16,cell_images/Parasitized/C132P93ThinF_IMG_20151004_152808_cell_3.png,1,jpeg_compression,0.9998361088946695,1,0,Score is outside the configured review band.,1,115.80486297607422,63.40010070800781,436.81170654296875,0.4130982756614685
17,cell_images/Parasitized/C113P74ThinF_IMG_20150930_134355_cell_165.png,1,clean,0.9999247929736157,1,0,Score is outside the configured review band.,1,109.31746673583984,72.89360809326172,464.08544921875,0.24815714359283447
17,cell_images/Parasitized/C113P74ThinF_IMG_20150930_134355_cell_165.png,1,gaussian_blur,0.9979931286070496,1,1,Input validation raised image-quality warnings.,0,109.2997817993164,66.85604095458984,45.35322570800781,0.2781553864479065
17,cell_images/Parasitized/C113P74ThinF_IMG_20150930_134355_cell_165.png,1,low_contrast,0.9988432253012434,1,1,Input validation raised image-quality warnings.,0,108.51482391357422,33.009368896484375,95.13431549072266,0.14997521042823792
17,cell_images/Parasitized/C113P74ThinF_IMG_20150930_134355_cell_165.png,1,underexposed,0.9994433883111924,1,1,Input validation raised image-quality warnings.,0,48.85032653808594,32.582210540771484,92.86076354980469,0.24957294762134552
17,cell_images/Parasitized/C113P74ThinF_IMG_20150930_134355_cell_165.png,1,overexposed,0.9999999985634466,1,0,Score is outside the configured review band.,1,161.90463256835938,107.34385681152344,925.4609985351562,0.1013481542468071
17,cell_images/Parasitized/C113P74ThinF_IMG_20150930_134355_cell_165.png,1,gaussian_noise,0.9886234551668167,1,0,Score is outside the configured review band.,1,111.38438415527344,70.16692352294922,712.203857421875,0.520664393901825
17,cell_images/Parasitized/C113P74ThinF_IMG_20150930_134355_cell_165.png,1,jpeg_compression,0.9999999180843204,1,0,Score is outside the configured review band.,1,110.71527862548828,71.00831604003906,381.16510009765625,0.3663908541202545
18,cell_images/Parasitized/C101P62ThinF_IMG_20150918_151149_cell_70.png,1,clean,0.7231686115264893,1,0,Score is outside the configured review band.,1,115.52794647216797,83.3124008178711,440.9928894042969,0.18560080230236053
18,cell_images/Parasitized/C101P62ThinF_IMG_20150918_151149_cell_70.png,1,gaussian_blur,0.960657250136137,1,1,Input validation raised image-quality warnings.,0,115.50669860839844,78.43399810791016,43.01796340942383,0.20974746346473694
18,cell_images/Parasitized/C101P62ThinF_IMG_20150918_151149_cell_70.png,1,low_contrast,0.48413169384002686,1,1,Input validation raised image-quality warnings.,0,115.20582580566406,37.646724700927734,90.01089477539062,0.11234406381845474
18,cell_images/Parasitized/C101P62ThinF_IMG_20150918_151149_cell_70.png,1,underexposed,0.5250230431556702,1,1,Input validation raised image-quality warnings.,0,51.70481491088867,37.28894805908203,88.38667297363281,0.1865399330854416
18,cell_images/Parasitized/C101P62ThinF_IMG_20150918_151149_cell_70.png,1,overexposed,0.9981247849063948,1,0,Score is outside the configured review band.,1,167.07791137695312,120.345703125,848.989501953125,0.006055272184312344
18,cell_images/Parasitized/C101P62ThinF_IMG_20150918_151149_cell_70.png,1,gaussian_noise,0.3708729147911072,1,0,Score is outside the configured review band.,1,118.06498718261719,80.32395935058594,686.3604125976562,0.496391236782074
18,cell_images/Parasitized/C101P62ThinF_IMG_20150918_151149_cell_70.png,1,jpeg_compression,0.9544446840882301,1,0,Score is outside the configured review band.,1,116.94295501708984,81.5719223022461,353.38897705078125,0.28653720021247864
19,cell_images/Uninfected/C148P109ThinF_IMG_20151115_112253_cell_181.png,0,clean,0.16309833526611328,0,0,Score is outside the configured review band.,1,107.41853332519531,55.12251663208008,351.9235534667969,0.19538484513759613
19,cell_images/Uninfected/C148P109ThinF_IMG_20151115_112253_cell_181.png,0,gaussian_blur,0.5755915939807892,1,1,Input validation raised image-quality warnings.,0,107.39664459228516,49.64938735961914,27.437904357910156,0.19982366263866425
19,cell_images/Uninfected/C148P109ThinF_IMG_20151115_112253_cell_181.png,0,low_contrast,0.024973511695861816,0,1,Input validation raised image-quality warnings.,0,106.64034271240234,24.951955795288086,71.99553680419922,0.10831093043088913
19,cell_images/Uninfected/C148P109ThinF_IMG_20151115_112253_cell_181.png,0,underexposed,0.037157416343688965,0,1,Input validation raised image-quality warnings.,0,47.96173095703125,24.622833251953125,70.48031616210938,0.19660064578056335
19,cell_images/Uninfected/C148P109ThinF_IMG_20151115_112253_cell_181.png,0,overexposed,0.46325480937957764,1,0,Score is outside the configured review band.,1,173.8225860595703,88.13011169433594,741.1043090820312,0.16404984891414642
19,cell_images/Uninfected/C148P109ThinF_IMG_20151115_112253_cell_181.png,0,gaussian_noise,0.026553750038146973,0,0,Score is outside the configured review band.,1,108.62706756591797,53.447349548339844,639.6427001953125,0.3990136384963989
19,cell_images/Uninfected/C148P109ThinF_IMG_20151115_112253_cell_181.png,0,jpeg_compression,0.11097317934036255,0,0,Score is outside the configured review band.,1,108.38938903808594,53.4453010559082,265.68560791015625,0.21377936005592346
20,cell_images/Uninfected/C131P92ThinF_IMG_20151004_145302_cell_76.png,0,clean,0.038443922996520996,0,0,Score is outside the configured review band.,1,123.93717956542969,72.20986938476562,430.4999084472656,0.24692274630069733
20,cell_images/Uninfected/C131P92ThinF_IMG_20151004_145302_cell_76.png,0,gaussian_blur,0.8801554590463638,1,1,Input validation raised image-quality warnings.,0,123.90209197998047,66.73604583740234,39.61329650878906,0.2761722207069397
20,cell_images/Uninfected/C131P92ThinF_IMG_20151004_145302_cell_76.png,0,low_contrast,0.025209665298461914,0,1,Input validation raised image-quality warnings.,0,123.5348129272461,32.358116149902344,86.56719970703125,0.143150195479393
20,cell_images/Uninfected/C131P92ThinF_IMG_20151004_145302_cell_76.png,0,underexposed,0.043893277645111084,0,1,Input validation raised image-quality warnings.,0,55.43954086303711,32.30173110961914,86.21217346191406,0.2478863000869751
20,cell_images/Uninfected/C131P92ThinF_IMG_20151004_145302_cell_76.png,0,overexposed,0.0989944338798523,0,0,Score is outside the configured review band.,1,184.11961364746094,107.15010070800781,875.362548828125,0.07908942550420761
20,cell_images/Uninfected/C131P92ThinF_IMG_20151004_145302_cell_76.png,0,gaussian_noise,0.2820481061935425,0,1,Score is within 0.075 of the decision threshold.,1,125.6551742553711,69.69745635986328,704.387939453125,0.4752902686595917
20,cell_images/Uninfected/C131P92ThinF_IMG_20151004_145302_cell_76.png,0,jpeg_compression,0.504721611738205,1,0,Score is outside the configured review band.,1,125.0225830078125,70.18651580810547,349.89727783203125,0.37844568490982056
21,cell_images/Uninfected/C204ThinF_IMG_20151029_110627_cell_111.png,0,clean,0.01010662317276001,0,0,Score is outside the configured review band.,1,122.48941802978516,76.96147918701172,455.3187255859375,0.056086838245391846
21,cell_images/Uninfected/C204ThinF_IMG_20151029_110627_cell_111.png,0,gaussian_blur,0.35459399223327637,1,1,Score is within 0.075 of the decision threshold. Input validation raised image-quality warnings.,0,122.4556884765625,71.6874771118164,40.89344787597656,0.059076063334941864
21,cell_images/Uninfected/C204ThinF_IMG_20151029_110627_cell_111.png,0,low_contrast,0.011495888233184814,0,1,Input validation raised image-quality warnings.,0,121.85530090332031,34.46751022338867,91.49623107910156,0.03124089725315571
21,cell_images/Uninfected/C204ThinF_IMG_20151029_110627_cell_111.png,0,underexposed,0.027978360652923584,0,1,Input validation raised image-quality warnings.,0,54.781063079833984,34.42091751098633,91.19551849365234,0.056616295129060745
21,cell_images/Uninfected/C204ThinF_IMG_20151029_110627_cell_111.png,0,overexposed,0.061742305755615234,0,0,Score is outside the configured review band.,1,183.0438232421875,114.7237548828125,849.9212646484375,0.00026104980497621
21,cell_images/Uninfected/C204ThinF_IMG_20151029_110627_cell_111.png,0,gaussian_noise,0.021014511585235596,0,0,Score is outside the configured review band.,1,124.4258804321289,74.29956817626953,712.3928833007812,0.37055519223213196
21,cell_images/Uninfected/C204ThinF_IMG_20151029_110627_cell_111.png,0,jpeg_compression,0.08921408653259277,0,0,Score is outside the configured review band.,1,123.69245147705078,75.27983093261719,362.19415283203125,0.07869405299425125
22,cell_images/Parasitized/C100P61ThinF_IMG_20150918_145042_cell_166.png,1,clean,0.8971934020519257,1,0,Score is outside the configured review band.,1,97.10296630859375,86.74019622802734,460.26214599609375,0.1614609956741333
22,cell_images/Parasitized/C100P61ThinF_IMG_20150918_145042_cell_166.png,1,gaussian_blur,0.9949802188202739,1,1,Input validation raised image-quality warnings.,0,97.08526611328125,81.92913818359375,43.231361389160156,0.1894681751728058
22,cell_images/Parasitized/C100P61ThinF_IMG_20150918_145042_cell_166.png,1,low_contrast,0.6964612007141113,1,1,Input validation raised image-quality warnings.,0,96.63594818115234,38.98038864135742,92.9837646484375,0.10425207763910294
22,cell_images/Parasitized/C100P61ThinF_IMG_20150918_145042_cell_166.png,1,underexposed,0.7917560189962387,1,1,Input validation raised image-quality warnings.,0,43.42192840576172,38.790748596191406,92.13711547851562,0.16227516531944275
22,cell_images/Parasitized/C100P61ThinF_IMG_20150918_145042_cell_166.png,1,overexposed,0.8976219445466995,1,0,Score is outside the configured review band.,1,140.7156982421875,125.52851867675781,915.982421875,0.01315456535667181
22,cell_images/Parasitized/C100P61ThinF_IMG_20150918_145042_cell_166.png,1,gaussian_noise,0.8799380287528038,1,0,Score is outside the configured review band.,1,100.47571563720703,83.43133544921875,679.4004516601562,0.5495935678482056
22,cell_images/Parasitized/C100P61ThinF_IMG_20150918_145042_cell_166.png,1,jpeg_compression,0.8894445672631264,1,0,Score is outside the configured review band.,1,98.7123794555664,84.92841339111328,365.63641357421875,0.2897671163082123
23,cell_images/Uninfected/C155P116ThinF_IMG_20151115_142805_cell_161.png,0,clean,0.08778119087219238,0,0,Score is outside the configured review band.,1,117.61924743652344,67.40943145751953,453.6610107421875,0.10334404557943344
23,cell_images/Uninfected/C155P116ThinF_IMG_20151115_142805_cell_161.png,0,gaussian_blur,0.8406318426132202,1,1,Input validation raised image-quality warnings.,0,117.57135772705078,61.441490173339844,39.730369567871094,0.10896451026201248
23,cell_images/Uninfected/C155P116ThinF_IMG_20151115_142805_cell_161.png,0,low_contrast,0.007888615131378174,0,1,Input validation raised image-quality warnings.,0,117.24041748046875,30.511804580688477,92.91075134277344,0.05602600798010826
23,cell_images/Uninfected/C155P116ThinF_IMG_20151115_142805_cell_161.png,0,underexposed,0.02796989679336548,0,1,Input validation raised image-quality warnings.,0,52.566856384277344,30.129329681396484,90.83592224121094,0.10391607135534286
23,cell_images/Uninfected/C155P116ThinF_IMG_20151115_142805_cell_161.png,0,overexposed,0.26888155937194824,0,1,Score is within 0.075 of the decision threshold.,1,186.52691650390625,106.42322540283203,947.3010864257812,0.039519261568784714
23,cell_images/Uninfected/C155P116ThinF_IMG_20151115_142805_cell_161.png,0,gaussian_noise,0.050109267234802246,0,0,Score is outside the configured review band.,1,119.15399169921875,64.97513580322266,728.3363037109375,0.37104928493499756
23,cell_images/Uninfected/C155P116ThinF_IMG_20151115_142805_cell_161.png,0,jpeg_compression,0.3610583543777466,1,0,Score is outside the configured review band.,1,118.75521850585938,65.62313842773438,360.364501953125,0.15762154757976532
24,cell_images/Parasitized/C84P45ThinF_IMG_20150818_104156_cell_111.png,1,clean,0.9999670884935767,1,0,Score is outside the configured review band.,1,117.99087524414062,65.01254272460938,465.32537841796875,0.2228904813528061
24,cell_images/Parasitized/C84P45ThinF_IMG_20150818_104156_cell_111.png,1,gaussian_blur,0.9955218862742186,1,1,Input validation raised image-quality warnings.,0,117.94447326660156,58.22846221923828,44.786407470703125,0.255239337682724
24,cell_images/Parasitized/C84P45ThinF_IMG_20150818_104156_cell_111.png,1,low_contrast,0.998979065567255,1,1,Input validation raised image-quality warnings.,0,117.4190673828125,29.43049430847168,95.33453369140625,0.1266452819108963
24,cell_images/Parasitized/C84P45ThinF_IMG_20150818_104156_cell_111.png,1,underexposed,0.9979582594241947,1,1,Input validation raised image-quality warnings.,0,52.723270416259766,29.056039810180664,93.06211853027344,0.22422422468662262
24,cell_images/Parasitized/C84P45ThinF_IMG_20150818_104156_cell_111.png,1,overexposed,0.9999875079583944,1,0,Score is outside the configured review band.,1,180.69674682617188,99.2889633178711,1062.060546875,0.09541746973991394
24,cell_images/Parasitized/C84P45ThinF_IMG_20150818_104156_cell_111.png,1,gaussian_noise,0.9887797562405467,1,0,Score is outside the configured review band.,1,119.58122253417969,62.69371032714844,731.9736938476562,0.45060792565345764
24,cell_images/Parasitized/C84P45ThinF_IMG_20150818_104156_cell_111.png,1,jpeg_compression,0.9992529255687259,1,0,Score is outside the configured review band.,1,119.38050079345703,62.72452926635742,387.13006591796875,0.3568607270717621
25,cell_images/Uninfected/C87P48ThinF_IMG_20150820_132327_cell_102.png,0,clean,0.044890642166137695,0,0,Score is outside the configured review band.,1,100.9029312133789,84.70321655273438,484.11285400390625,0.14290884137153625
25,cell_images/Uninfected/C87P48ThinF_IMG_20150820_132327_cell_102.png,0,gaussian_blur,0.1976059079170227,0,1,Input validation raised image-quality warnings.,0,100.88394927978516,79.58644104003906,43.717716217041016,0.16902026534080505
25,cell_images/Uninfected/C87P48ThinF_IMG_20150820_132327_cell_102.png,0,low_contrast,0.014211833477020264,0,1,Input validation raised image-quality warnings.,0,100.44282531738281,38.14759063720703,98.24319458007812,0.08943983167409897
25,cell_images/Uninfected/C87P48ThinF_IMG_20150820_132327_cell_102.png,0,underexposed,0.01731663942337036,0,1,Input validation raised image-quality warnings.,0,45.12710952758789,37.883514404296875,96.99440002441406,0.14351056516170502
25,cell_images/Uninfected/C87P48ThinF_IMG_20150820_132327_cell_102.png,0,overexposed,0.10862576961517334,0,0,Score is outside the configured review band.,1,148.86329650878906,124.80986022949219,966.9226684570312,0.006353332195430994
25,cell_images/Uninfected/C87P48ThinF_IMG_20150820_132327_cell_102.png,0,gaussian_noise,0.14130079746246338,0,0,Score is outside the configured review band.,1,103.75936126708984,81.36767578125,712.3682861328125,0.5116095542907715
25,cell_images/Uninfected/C87P48ThinF_IMG_20150820_132327_cell_102.png,0,jpeg_compression,0.14921629428863525,0,0,Score is outside the configured review band.,1,102.37732696533203,82.87458801269531,402.71612548828125,0.27465638518333435
26,cell_images/Parasitized/C132P93ThinF_IMG_20151004_152505_cell_151.png,1,clean,0.9999616080531268,1,0,Score is outside the configured review band.,1,122.50171661376953,59.31357955932617,469.1060791015625,0.29456719756126404
26,cell_images/Parasitized/C132P93ThinF_IMG_20151004_152505_cell_151.png,1,gaussian_blur,0.9998621659469791,1,1,Input validation raised image-quality warnings.,0,122.46417236328125,51.804744720458984,43.75901412963867,0.32284247875213623
26,cell_images/Parasitized/C132P93ThinF_IMG_20151004_152505_cell_151.png,1,low_contrast,0.993914594873786,1,1,Input validation raised image-quality warnings.,0,122.25446319580078,26.751041412353516,95.45681762695312,0.16657787561416626
26,cell_images/Parasitized/C132P93ThinF_IMG_20151004_152505_cell_151.png,1,underexposed,0.9966188548132777,1,1,Input validation raised image-quality warnings.,0,54.72844314575195,26.509859085083008,93.90597534179688,0.2963656783103943
26,cell_images/Parasitized/C132P93ThinF_IMG_20151004_152505_cell_151.png,1,overexposed,0.9999721759777458,1,0,Score is outside the configured review band.,1,183.52737426757812,87.98408508300781,956.965576171875,0.1495567113161087
26,cell_images/Parasitized/C132P93ThinF_IMG_20151004_152505_cell_151.png,1,gaussian_noise,0.7423177361488342,1,0,Score is outside the configured review band.,1,123.31853485107422,57.43809127807617,744.046875,0.4692477881908417
26,cell_images/Parasitized/C132P93ThinF_IMG_20151004_152505_cell_151.png,1,jpeg_compression,0.9999999057012587,1,0,Score is outside the configured review band.,1,123.53134155273438,57.06690979003906,380.7525634765625,0.39267826080322266
27,cell_images/Uninfected/C99P60ThinF_IMG_20150918_141001_cell_24.png,0,clean,0.46532320976257324,1,0,Score is outside the configured review band.,1,103.12442016601562,76.6854476928711,551.307861328125,0.20705968141555786
27,cell_images/Uninfected/C99P60ThinF_IMG_20150918_141001_cell_24.png,0,gaussian_blur,0.9875914696604013,1,1,Input validation raised image-quality warnings.,0,103.1029052734375,70.17659759521484,48.58978271484375,0.2484656125307083
27,cell_images/Uninfected/C99P60ThinF_IMG_20150918_141001_cell_24.png,0,low_contrast,0.25447654724121094,0,1,Score is within 0.075 of the decision threshold. Input validation raised image-quality warnings.,0,102.5173568725586,34.59170913696289,112.28184509277344,0.12811514735221863
27,cell_images/Uninfected/C99P60ThinF_IMG_20150918_141001_cell_24.png,0,underexposed,0.2230011224746704,0,1,Score is within 0.075 of the decision threshold. Input validation raised image-quality warnings.,0,46.099979400634766,34.285091400146484,110.32958984375,0.20825842022895813
27,cell_images/Uninfected/C99P60ThinF_IMG_20150918_141001_cell_24.png,0,overexposed,0.39469969272613525,1,0,Score is outside the configured review band.,1,153.24330139160156,113.49661254882812,1138.3209228515625,0.06971698254346848
27,cell_images/Uninfected/C99P60ThinF_IMG_20150918_141001_cell_24.png,0,gaussian_noise,0.5366141498088837,1,0,Score is outside the configured review band.,1,105.62635803222656,73.68018341064453,775.1307983398438,0.5255561470985413
27,cell_images/Uninfected/C99P60ThinF_IMG_20150918_141001_cell_24.png,0,jpeg_compression,0.9976284774020314,1,0,Score is outside the configured review band.,1,104.59313201904297,74.4631576538086,439.8479309082031,0.3459533452987671
28,cell_images/Uninfected/C225ThinF_IMG_20151112_113803_cell_231.png,0,clean,0.007278859615325928,0,0,Score is outside the configured review band.,1,130.22732543945312,74.35877990722656,469.239013671875,0.06441686302423477
28,cell_images/Uninfected/C225ThinF_IMG_20151112_113803_cell_231.png,0,gaussian_blur,0.4489506483078003,1,1,Input validation raised image-quality warnings.,0,130.1909637451172,68.64855194091797,42.11323165893555,0.06745956093072891
28,cell_images/Uninfected/C225ThinF_IMG_20151112_113803_cell_231.png,0,low_contrast,0.007048368453979492,0,1,Input validation raised image-quality warnings.,0,129.61190795898438,33.46700668334961,95.10781860351562,0.034282390028238297
28,cell_images/Uninfected/C225ThinF_IMG_20151112_113803_cell_231.png,0,underexposed,0.008420825004577637,0,1,Input validation raised image-quality warnings.,0,58.25996017456055,33.26581573486328,93.92839050292969,0.0648171529173851
28,cell_images/Uninfected/C225ThinF_IMG_20151112_113803_cell_231.png,0,overexposed,0.04175698757171631,0,0,Score is outside the configured review band.,1,192.68043518066406,109.57292938232422,833.8019409179688,4.080352664459497e-05
28,cell_images/Uninfected/C225ThinF_IMG_20151112_113803_cell_231.png,0,gaussian_noise,0.03738635778427124,0,0,Score is outside the configured review band.,1,131.84759521484375,71.9994888305664,741.4578857421875,0.34454345703125
28,cell_images/Uninfected/C225ThinF_IMG_20151112_113803_cell_231.png,0,jpeg_compression,0.14911603927612305,0,0,Score is outside the configured review band.,1,131.28024291992188,72.68680572509766,382.4223937988281,0.08093876391649246
29,cell_images/Uninfected/C47P8thinOriginalOlympusCX21_IMG_20150717_174222_cell_117.png,0,clean,0.013474524021148682,0,0,Score is outside the configured review band.,1,119.1966552734375,73.96900939941406,566.3189086914062,0.1808280199766159
29,cell_images/Uninfected/C47P8thinOriginalOlympusCX21_IMG_20150717_174222_cell_117.png,0,gaussian_blur,0.1169435977935791,0,1,Input validation raised image-quality warnings.,0,119.14437866210938,67.15020751953125,48.146026611328125,0.21158196032047272
29,cell_images/Uninfected/C47P8thinOriginalOlympusCX21_IMG_20150717_174222_cell_117.png,0,low_contrast,0.09053587913513184,0,1,Input validation raised image-quality warnings.,0,118.59696960449219,33.26262283325195,114.58433532714844,0.10194061696529388
29,cell_images/Uninfected/C47P8thinOriginalOlympusCX21_IMG_20150717_174222_cell_117.png,0,underexposed,0.09543037414550781,0,1,Input validation raised image-quality warnings.,0,53.27761459350586,33.06570816040039,113.46668243408203,0.18117214739322662
29,cell_images/Uninfected/C47P8thinOriginalOlympusCX21_IMG_20150717_174222_cell_117.png,0,overexposed,0.05505537986755371,0,0,Score is outside the configured review band.,1,181.2888946533203,112.05096435546875,1100.60986328125,0.06374634802341461
29,cell_images/Uninfected/C47P8thinOriginalOlympusCX21_IMG_20150717_174222_cell_117.png,0,gaussian_noise,0.08953982591629028,0,0,Score is outside the configured review band.,1,121.1111068725586,71.3662338256836,818.3928833007812,0.4355769753456116
29,cell_images/Uninfected/C47P8thinOriginalOlympusCX21_IMG_20150717_174222_cell_117.png,0,jpeg_compression,0.10053396224975586,0,0,Score is outside the configured review band.,1,120.46819305419922,71.73644256591797,451.96441650390625,0.29618704319000244
30,cell_images/Uninfected/C82P43ThinF_IMG_20150817_124418_cell_55.png,0,clean,0.021945059299468994,0,0,Score is outside the configured review band.,1,137.66421508789062,63.456398010253906,396.5283203125,0.23072907328605652
30,cell_images/Uninfected/C82P43ThinF_IMG_20150817_124418_cell_55.png,0,gaussian_blur,0.7922476828098297,1,1,Input validation raised image-quality warnings.,0,137.6166229248047,57.793121337890625,36.46421432495117,0.2525109052658081
30,cell_images/Uninfected/C82P43ThinF_IMG_20150817_124418_cell_55.png,0,low_contrast,0.027930021286010742,0,1,Input validation raised image-quality warnings.,0,137.3060302734375,28.717830657958984,81.18401336669922,0.12608106434345245
30,cell_images/Uninfected/C82P43ThinF_IMG_20150817_124418_cell_55.png,0,underexposed,0.040547847747802734,0,1,Input validation raised image-quality warnings.,0,61.573116302490234,28.382122039794922,79.34605407714844,0.2322494089603424
30,cell_images/Uninfected/C82P43ThinF_IMG_20150817_124418_cell_55.png,0,overexposed,0.04689723253250122,0,0,Score is outside the configured review band.,1,206.00564575195312,94.61022186279297,770.8104248046875,0.05685117095708847
30,cell_images/Uninfected/C82P43ThinF_IMG_20150817_124418_cell_55.png,0,gaussian_noise,0.17408472299575806,0,0,Score is outside the configured review band.,1,138.68150329589844,61.61111831665039,681.6507568359375,0.40340977907180786
30,cell_images/Uninfected/C82P43ThinF_IMG_20150817_124418_cell_55.png,0,jpeg_compression,0.5358341336250305,1,0,Score is outside the configured review band.,1,138.52243041992188,61.26871109008789,290.53558349609375,0.30467233061790466
31,cell_images/Uninfected/C52P13thinF_IMG_20150725_123938_cell_82.png,0,clean,0.07417893409729004,0,0,Score is outside the configured review band.,1,125.21707916259766,75.76436614990234,439.5400695800781,0.16991685330867767
31,cell_images/Uninfected/C52P13thinF_IMG_20150725_123938_cell_82.png,0,gaussian_blur,0.5384001135826111,1,1,Input validation raised image-quality warnings.,0,125.1832046508789,70.51832580566406,40.898582458496094,0.19233787059783936
31,cell_images/Uninfected/C52P13thinF_IMG_20150725_123938_cell_82.png,0,low_contrast,0.02307790517807007,0,1,Input validation raised image-quality warnings.,0,124.5172348022461,34.1973762512207,89.61668395996094,0.09643793106079102
31,cell_images/Uninfected/C52P13thinF_IMG_20150725_123938_cell_82.png,0,underexposed,0.04436826705932617,0,1,Input validation raised image-quality warnings.,0,56.038021087646484,33.90690612792969,87.98208618164062,0.17190615832805634
31,cell_images/Uninfected/C52P13thinF_IMG_20150725_123938_cell_82.png,0,overexposed,0.08629560470581055,0,0,Score is outside the configured review band.,1,186.462158203125,112.69284057617188,867.9788818359375,0.006867464166134596
31,cell_images/Uninfected/C52P13thinF_IMG_20150725_123938_cell_82.png,0,gaussian_noise,0.015920937061309814,0,0,Score is outside the configured review band.,1,126.9642105102539,73.1795883178711,702.8327026367188,0.42446741461753845
31,cell_images/Uninfected/C52P13thinF_IMG_20150725_123938_cell_82.png,0,jpeg_compression,0.40114736557006836,1,0,Score is outside the configured review band.,1,126.78071594238281,74.06371307373047,346.94354248046875,0.3015140891075134
32,cell_images/Parasitized/C46P7ThinF_IMG_20151130_205756_cell_121.png,1,clean,0.9812038727104664,1,0,Score is outside the configured review band.,1,123.73968505859375,72.52969360351562,444.10821533203125,0.07610094547271729
32,cell_images/Parasitized/C46P7ThinF_IMG_20151130_205756_cell_121.png,1,gaussian_blur,0.916217140853405,1,1,Input validation raised image-quality warnings.,0,123.7044677734375,66.93812561035156,41.947509765625,0.08015730232000351
32,cell_images/Parasitized/C46P7ThinF_IMG_20151130_205756_cell_121.png,1,low_contrast,0.9262041077017784,1,1,Input validation raised image-quality warnings.,0,123.49720001220703,32.5308723449707,89.40982055664062,0.04148843139410019
32,cell_images/Parasitized/C46P7ThinF_IMG_20151130_205756_cell_121.png,1,underexposed,0.897222712635994,1,1,Input validation raised image-quality warnings.,0,55.34225082397461,32.43952560424805,88.91507720947266,0.07666391879320145
32,cell_images/Parasitized/C46P7ThinF_IMG_20151130_205756_cell_121.png,1,overexposed,0.7173476219177246,1,0,Score is outside the configured review band.,1,189.5849151611328,110.78962707519531,893.7855224609375,0.003997809253633022
32,cell_images/Parasitized/C46P7ThinF_IMG_20151130_205756_cell_121.png,1,gaussian_noise,0.5900772213935852,1,0,Score is outside the configured review band.,1,125.4512710571289,70.19242095947266,721.8502197265625,0.35965806245803833
32,cell_images/Parasitized/C46P7ThinF_IMG_20151130_205756_cell_121.png,1,jpeg_compression,0.8118023872375488,1,0,Score is outside the configured review band.,1,124.57257843017578,70.61902618408203,359.865234375,0.1171048954129219
33,cell_images/Uninfected/C177P138NThinF_IMG_20151201_143546_cell_94.png,0,clean,0.03411382436752319,0,0,Score is outside the configured review band.,1,146.26504516601562,75.5277099609375,509.180419921875,0.028429284691810608
33,cell_images/Uninfected/C177P138NThinF_IMG_20151201_143546_cell_94.png,0,gaussian_blur,0.748707503080368,1,1,Input validation raised image-quality warnings.,0,146.22769165039062,69.24618530273438,47.8505973815918,0.03306194022297859
33,cell_images/Uninfected/C177P138NThinF_IMG_20151201_143546_cell_94.png,0,low_contrast,0.017031729221343994,0,1,Input validation raised image-quality warnings.,0,145.68511962890625,33.91857147216797,102.70413970947266,0.01485419925302267
33,cell_images/Uninfected/C177P138NThinF_IMG_20151201_143546_cell_94.png,0,underexposed,0.016512632369995117,0,1,Input validation raised image-quality warnings.,0,65.45916748046875,33.80126190185547,102.10128784179688,0.028379792347550392
33,cell_images/Uninfected/C177P138NThinF_IMG_20151201_143546_cell_94.png,0,overexposed,0.04610830545425415,0,0,Score is outside the configured review band.,1,201.4324188232422,103.8761215209961,875.6008911132812,0.0
33,cell_images/Uninfected/C177P138NThinF_IMG_20151201_143546_cell_94.png,0,gaussian_noise,0.057071030139923096,0,0,Score is outside the configured review band.,1,147.33123779296875,73.02764892578125,784.970458984375,0.3087697923183441
33,cell_images/Uninfected/C177P138NThinF_IMG_20151201_143546_cell_94.png,0,jpeg_compression,0.11763066053390503,0,0,Score is outside the configured review band.,1,147.17111206054688,73.70166778564453,393.78948974609375,0.04423030838370323
34,cell_images/Parasitized/C48P9thinF_IMG_20150721_163810_cell_15.png,1,clean,0.7644663900136948,1,0,Score is outside the configured review band.,1,110.84624481201172,75.79608917236328,439.56341552734375,0.12674564123153687
34,cell_images/Parasitized/C48P9thinF_IMG_20150721_163810_cell_15.png,1,gaussian_blur,0.9519596621394157,1,1,Input validation raised image-quality warnings.,0,110.82940673828125,70.45464324951172,40.841590881347656,0.14886821806430817
34,cell_images/Parasitized/C48P9thinF_IMG_20150721_163810_cell_15.png,1,low_contrast,0.5629352927207947,1,1,Input validation raised image-quality warnings.,0,110.59425354003906,33.91484832763672,88.0490493774414,0.07293317466974258
34,cell_images/Parasitized/C48P9thinF_IMG_20150721_163810_cell_15.png,1,underexposed,0.428305983543396,1,1,Input validation raised image-quality warnings.,0,49.55369186401367,33.88762283325195,87.96250915527344,0.12765197455883026
34,cell_images/Parasitized/C48P9thinF_IMG_20150721_163810_cell_15.png,1,overexposed,0.7929015755653381,1,0,Score is outside the configured review band.,1,170.66500854492188,116.21273040771484,940.5194091796875,0.02730405516922474
34,cell_images/Parasitized/C48P9thinF_IMG_20150721_163810_cell_15.png,1,gaussian_noise,0.4849895238876343,1,0,Score is outside the configured review band.,1,113.1051025390625,72.87657165527344,691.1055297851562,0.43296799063682556
34,cell_images/Parasitized/C48P9thinF_IMG_20150721_163810_cell_15.png,1,jpeg_compression,0.613553375005722,1,0,Score is outside the configured review band.,1,112.03775024414062,73.8820571899414,349.6629333496094,0.23136959969997406
35,cell_images/Uninfected/C97P58ThinF_IMG_20150917_145555_cell_74.png,0,clean,0.02302849292755127,0,0,Score is outside the configured review band.,1,126.88959503173828,74.67237854003906,429.5555419921875,0.22827254235744476
35,cell_images/Uninfected/C97P58ThinF_IMG_20150917_145555_cell_74.png,0,gaussian_blur,0.29255831241607666,1,1,Score is within 0.075 of the decision threshold. Input validation raised image-quality warnings.,0,126.86432647705078,69.4224624633789,40.74407958984375,0.2539539933204651
35,cell_images/Uninfected/C97P58ThinF_IMG_20150917_145555_cell_74.png,0,low_contrast,0.07299333810806274,0,1,Input validation raised image-quality warnings.,0,126.357666015625,33.75461959838867,87.80582427978516,0.13192328810691833
35,cell_images/Uninfected/C97P58ThinF_IMG_20150917_145555_cell_74.png,0,underexposed,0.07773911952972412,0,1,Input validation raised image-quality warnings.,0,56.71823501586914,33.37894821166992,85.98049926757812,0.22908146679401398
35,cell_images/Uninfected/C97P58ThinF_IMG_20150917_145555_cell_74.png,0,overexposed,0.014027535915374756,0,0,Score is outside the configured review band.,1,186.2960968017578,109.4771728515625,834.4473876953125,0.036760155111551285
35,cell_images/Uninfected/C97P58ThinF_IMG_20150917_145555_cell_74.png,0,gaussian_noise,0.14640331268310547,0,0,Score is outside the configured review band.,1,128.40377807617188,72.05696105957031,694.2240600585938,0.46851736307144165
35,cell_images/Uninfected/C97P58ThinF_IMG_20150917_145555_cell_74.png,0,jpeg_compression,0.9811315536499023,1,0,Score is outside the configured review band.,1,127.94388580322266,72.52386474609375,322.57049560546875,0.33168408274650574
36,cell_images/Parasitized/C175P136NThinF_IMG_20151127_141428_cell_233.png,1,clean,0.9234217256307602,1,0,Score is outside the configured review band.,1,125.02536010742188,76.1886215209961,517.7167358398438,0.0895642340183258
36,cell_images/Parasitized/C175P136NThinF_IMG_20151127_141428_cell_233.png,1,gaussian_blur,0.9960773722268641,1,1,Input validation raised image-quality warnings.,0,124.99401092529297,70.05744171142578,46.81819152832031,0.09166016429662704
36,cell_images/Parasitized/C175P136NThinF_IMG_20151127_141428_cell_233.png,1,low_contrast,0.5733853578567505,1,1,Input validation raised image-quality warnings.,0,124.44873046875,34.39851379394531,105.57845306396484,0.049098413437604904
36,cell_images/Parasitized/C175P136NThinF_IMG_20151127_141428_cell_233.png,1,underexposed,0.7732478380203247,1,1,Input validation raised image-quality warnings.,0,55.94038772583008,34.09270477294922,103.77058410644531,0.08970535546541214
36,cell_images/Parasitized/C175P136NThinF_IMG_20151127_141428_cell_233.png,1,overexposed,0.9995546799327713,1,0,Score is outside the configured review band.,1,185.9196319580078,112.38542175292969,844.2098388671875,0.006911011878401041
36,cell_images/Parasitized/C175P136NThinF_IMG_20151127_141428_cell_233.png,1,gaussian_noise,0.08698588609695435,0,0,Score is outside the configured review band.,1,126.78089904785156,73.51922607421875,784.4896850585938,0.3713846504688263
36,cell_images/Parasitized/C175P136NThinF_IMG_20151127_141428_cell_233.png,1,jpeg_compression,0.9574947282671928,1,0,Score is outside the configured review band.,1,125.98638916015625,74.40462493896484,424.68359375,0.11208447813987732
37,cell_images/Parasitized/C39P4thinF_original_IMG_20150622_110435_cell_83.png,1,clean,0.9899532701820135,1,0,Score is outside the configured review band.,1,123.27167510986328,75.09464263916016,428.616943359375,0.16258053481578827
37,cell_images/Parasitized/C39P4thinF_original_IMG_20150622_110435_cell_83.png,1,gaussian_blur,0.9760757815092802,1,1,Input validation raised image-quality warnings.,0,123.23088836669922,70.0643081665039,38.65522384643555,0.1834762841463089
37,cell_images/Parasitized/C39P4thinF_original_IMG_20150622_110435_cell_83.png,1,low_contrast,0.9397845789790154,1,1,Input validation raised image-quality warnings.,0,122.59265899658203,33.86304473876953,87.26548767089844,0.09212479740381241
37,cell_images/Parasitized/C39P4thinF_original_IMG_20150622_110435_cell_83.png,1,underexposed,0.9838825222104788,1,1,Input validation raised image-quality warnings.,0,55.125789642333984,33.588279724121094,85.78575134277344,0.16323783993721008
37,cell_images/Parasitized/C39P4thinF_original_IMG_20150622_110435_cell_83.png,1,overexposed,0.9990197845036164,1,0,Score is outside the configured review band.,1,183.21258544921875,110.73863220214844,917.5369873046875,0.024544548243284225
37,cell_images/Parasitized/C39P4thinF_original_IMG_20150622_110435_cell_83.png,1,gaussian_noise,0.702625036239624,1,0,Score is outside the configured review band.,1,125.02274322509766,72.4783935546875,688.1755981445312,0.41890591382980347
37,cell_images/Parasitized/C39P4thinF_original_IMG_20150622_110435_cell_83.png,1,jpeg_compression,0.9982472388073802,1,0,Score is outside the configured review band.,1,124.24921417236328,73.05913543701172,332.0832824707031,0.2541930079460144
38,cell_images/Parasitized/C118P79ThinF_IMG_20151002_110002_cell_4.png,1,clean,0.995976579375565,1,0,Score is outside the configured review band.,1,119.18072509765625,73.5123519897461,457.8125305175781,0.2481396347284317
38,cell_images/Parasitized/C118P79ThinF_IMG_20151002_110002_cell_4.png,1,gaussian_blur,0.9998690157954115,1,1,Input validation raised image-quality warnings.,0,119.16337585449219,67.70254516601562,44.367027282714844,0.27856433391571045
38,cell_images/Parasitized/C118P79ThinF_IMG_20151002_110002_cell_4.png,1,low_contrast,0.9746263436973095,1,1,Input validation raised image-quality warnings.,0,118.59972381591797,33.06173324584961,92.67703247070312,0.14745739102363586
38,cell_images/Parasitized/C118P79ThinF_IMG_20151002_110002_cell_4.png,1,underexposed,0.9860452553257346,1,1,Input validation raised image-quality warnings.,0,53.275390625,32.86461639404297,91.61238098144531,0.24897193908691406
38,cell_images/Parasitized/C118P79ThinF_IMG_20151002_110002_cell_4.png,1,overexposed,0.999992545139321,1,0,Score is outside the configured review band.,1,174.65158081054688,107.46829986572266,924.1134033203125,0.06643054634332657
38,cell_images/Parasitized/C118P79ThinF_IMG_20151002_110002_cell_4.png,1,gaussian_noise,0.4727271795272827,1,0,Score is outside the configured review band.,1,120.98202514648438,70.90338134765625,708.3189697265625,0.498554527759552
38,cell_images/Parasitized/C118P79ThinF_IMG_20151002_110002_cell_4.png,1,jpeg_compression,0.9970077986363322,1,0,Score is outside the configured review band.,1,120.72400665283203,71.52735137939453,370.4102478027344,0.3603183329105377
39,cell_images/Uninfected/C167P128ReThinF_IMG_20151201_105559_cell_20.png,0,clean,0.18544518947601318,0,0,Score is outside the configured review band.,1,104.67465209960938,65.39064025878906,579.5303344726562,0.14546014368534088
39,cell_images/Uninfected/C167P128ReThinF_IMG_20151201_105559_cell_20.png,0,gaussian_blur,0.5317323505878448,1,1,Input validation raised image-quality warnings.,0,104.61991882324219,57.434078216552734,49.622222900390625,0.16686664521694183
39,cell_images/Uninfected/C167P128ReThinF_IMG_20151201_105559_cell_20.png,0,low_contrast,0.31531476974487305,1,1,Score is within 0.075 of the decision threshold. Input validation raised image-quality warnings.,0,104.29508209228516,29.545560836791992,118.19865417480469,0.0837702825665474
39,cell_images/Uninfected/C167P128ReThinF_IMG_20151201_105559_cell_20.png,0,underexposed,0.1617882251739502,0,1,Input validation raised image-quality warnings.,0,46.75644302368164,29.21150779724121,115.85530853271484,0.14604508876800537
39,cell_images/Uninfected/C167P128ReThinF_IMG_20151201_105559_cell_20.png,0,overexposed,0.10829615592956543,0,0,Score is outside the configured review band.,1,169.29995727539062,105.62306213378906,1452.504150390625,0.07766665518283844
39,cell_images/Uninfected/C167P128ReThinF_IMG_20151201_105559_cell_20.png,0,gaussian_noise,0.09623551368713379,0,0,Score is outside the configured review band.,1,106.34183502197266,62.67192840576172,821.954833984375,0.4232185184955597
39,cell_images/Uninfected/C167P128ReThinF_IMG_20151201_105559_cell_20.png,0,jpeg_compression,0.05328524112701416,0,0,Score is outside the configured review band.,1,106.1600341796875,63.438743591308594,482.98431396484375,0.23470501601696014
40,cell_images/Parasitized/C132P93ThinF_IMG_20151004_151701_cell_136.png,1,clean,0.991599015891552,1,0,Score is outside the configured review band.,1,114.22396087646484,69.04730987548828,434.27813720703125,0.2557089924812317
40,cell_images/Parasitized/C132P93ThinF_IMG_20151004_151701_cell_136.png,1,gaussian_blur,0.9966806687880307,1,1,Input validation raised image-quality warnings.,0,114.18309020996094,63.3546142578125,38.636783599853516,0.2828410565853119
40,cell_images/Parasitized/C132P93ThinF_IMG_20151004_151701_cell_136.png,1,low_contrast,0.8809632658958435,1,1,Input validation raised image-quality warnings.,0,113.57645416259766,31.175315856933594,88.55052185058594,0.15113553404808044
40,cell_images/Parasitized/C132P93ThinF_IMG_20151004_151701_cell_136.png,1,underexposed,0.9479611106216908,1,1,Input validation raised image-quality warnings.,0,51.06171798706055,30.870838165283203,86.88536071777344,0.2573513090610504
40,cell_images/Parasitized/C132P93ThinF_IMG_20151004_151701_cell_136.png,1,overexposed,0.9991966203087941,1,0,Score is outside the configured review band.,1,170.31004333496094,102.48871612548828,879.8499145507812,0.10796000063419342
40,cell_images/Parasitized/C132P93ThinF_IMG_20151004_151701_cell_136.png,1,gaussian_noise,0.9075287654995918,1,0,Score is outside the configured review band.,1,115.85943603515625,66.44524383544922,699.254638671875,0.49957725405693054
40,cell_images/Parasitized/C132P93ThinF_IMG_20151004_151701_cell_136.png,1,jpeg_compression,0.9996318384364713,1,0,Score is outside the configured review band.,1,115.15203094482422,66.78472900390625,322.67626953125,0.37096232175827026
41,cell_images/Parasitized/C183P144NThinF_IMG_20151201_222119_cell_142.png,1,clean,0.9038348570466042,1,0,Score is outside the configured review band.,1,122.71216583251953,71.07923126220703,474.45465087890625,0.12051252275705338
41,cell_images/Parasitized/C183P144NThinF_IMG_20151201_222119_cell_142.png,1,gaussian_blur,0.9964236011728644,1,1,Input validation raised image-quality warnings.,0,122.67203521728516,64.97496032714844,43.57454299926758,0.1265975534915924
41,cell_images/Parasitized/C183P144NThinF_IMG_20151201_222119_cell_142.png,1,low_contrast,0.7941547781229019,1,1,Input validation raised image-quality warnings.,0,122.34642791748047,32.056766510009766,96.49893188476562,0.06673582643270493
41,cell_images/Parasitized/C183P144NThinF_IMG_20151201_222119_cell_142.png,1,underexposed,0.6895303726196289,1,1,Input validation raised image-quality warnings.,0,54.86833572387695,31.789396286010742,95.042236328125,0.12114842981100082
41,cell_images/Parasitized/C183P144NThinF_IMG_20151201_222119_cell_142.png,1,overexposed,0.9998382621415658,1,0,Score is outside the configured review band.,1,188.87652587890625,108.40349578857422,940.76171875,0.022557947784662247
41,cell_images/Parasitized/C183P144NThinF_IMG_20151201_222119_cell_142.png,1,gaussian_noise,0.35339730978012085,1,1,Score is within 0.075 of the decision threshold.,1,124.4631576538086,68.74750518798828,746.0610961914062,0.3814100921154022
41,cell_images/Parasitized/C183P144NThinF_IMG_20151201_222119_cell_142.png,1,jpeg_compression,0.961085706949234,1,0,Score is outside the configured review band.,1,123.75731658935547,69.47482299804688,400.403076171875,0.1692253202199936
42,cell_images/Parasitized/C148P109ThinF_IMG_20151115_112253_cell_222.png,1,clean,0.9997221646190155,1,0,Score is outside the configured review band.,1,91.82234954833984,62.76885986328125,331.96759033203125,0.18538634479045868
42,cell_images/Parasitized/C148P109ThinF_IMG_20151115_112253_cell_222.png,1,gaussian_blur,0.9999155955083552,1,1,Input validation raised image-quality warnings.,0,91.80488586425781,58.14375305175781,28.24502944946289,0.19389860332012177
42,cell_images/Parasitized/C148P109ThinF_IMG_20151115_112253_cell_222.png,1,low_contrast,0.9809301327914,1,1,Input validation raised image-quality warnings.,0,91.41419219970703,28.30645179748535,67.47947692871094,0.11027564853429794
42,cell_images/Parasitized/C148P109ThinF_IMG_20151115_112253_cell_222.png,1,underexposed,0.9886408764868975,1,1,Input validation raised image-quality warnings.,0,40.990299224853516,28.032913208007812,66.48602294921875,0.18644775450229645
42,cell_images/Parasitized/C148P109ThinF_IMG_20151115_112253_cell_222.png,1,overexposed,0.9999254912472679,1,0,Score is outside the configured review band.,1,148.0299072265625,100.21803283691406,738.0394287109375,0.15206511318683624
42,cell_images/Parasitized/C148P109ThinF_IMG_20151115_112253_cell_222.png,1,gaussian_noise,0.631452202796936,1,0,Score is outside the configured review band.,1,93.90415954589844,60.18787384033203,589.3919677734375,0.4711792469024658
42,cell_images/Parasitized/C148P109ThinF_IMG_20151115_112253_cell_222.png,1,jpeg_compression,0.9994710444589145,1,0,Score is outside the configured review band.,1,92.84257507324219,61.0598258972168,256.5873107910156,0.2403317093849182
43,cell_images/Uninfected/C6NThinF_IMG_20150609_121955_cell_197.png,0,clean,0.06684273481369019,0,0,Score is outside the configured review band.,1,97.45497131347656,78.32553100585938,398.8131103515625,0.1654052436351776
43,cell_images/Uninfected/C6NThinF_IMG_20150609_121955_cell_197.png,0,gaussian_blur,0.32969409227371216,1,1,Score is within 0.075 of the decision threshold. Input validation raised image-quality warnings.,0,97.42913818359375,73.7862319946289,35.996299743652344,0.18740969896316528
43,cell_images/Uninfected/C6NThinF_IMG_20150609_121955_cell_197.png,0,low_contrast,0.06668031215667725,0,1,Input validation raised image-quality warnings.,0,97.1182632446289,35.457122802734375,81.65031433105469,0.10269645601511002
43,cell_images/Uninfected/C6NThinF_IMG_20150609_121955_cell_197.png,0,underexposed,0.09204363822937012,0,1,Input validation raised image-quality warnings.,0,43.56901168823242,35.01866149902344,79.85112762451172,0.16610705852508545
43,cell_images/Uninfected/C6NThinF_IMG_20150609_121955_cell_197.png,0,overexposed,0.1533491015434265,0,0,Score is outside the configured review band.,1,147.58377075195312,118.40220642089844,817.24462890625,0.05097711458802223
43,cell_images/Uninfected/C6NThinF_IMG_20150609_121955_cell_197.png,0,gaussian_noise,0.07795387506484985,0,0,Score is outside the configured review band.,1,100.32542419433594,75.1611557006836,630.0699462890625,0.507658839225769
43,cell_images/Uninfected/C6NThinF_IMG_20150609_121955_cell_197.png,0,jpeg_compression,0.4215182065963745,1,0,Score is outside the configured review band.,1,99.12944030761719,76.71185302734375,305.73681640625,0.2704235911369324
44,cell_images/Uninfected/C179P140ThinF_IMG_20151127_153436_cell_130.png,0,clean,0.1053164005279541,0,0,Score is outside the configured review band.,1,112.01092529296875,70.4520263671875,517.3516235351562,0.10703664273023605
44,cell_images/Uninfected/C179P140ThinF_IMG_20151127_153436_cell_130.png,0,gaussian_blur,0.6062265336513519,1,1,Input validation raised image-quality warnings.,0,111.96942901611328,63.940303802490234,45.85772705078125,0.11882739514112473
44,cell_images/Uninfected/C179P140ThinF_IMG_20151127_153436_cell_130.png,0,low_contrast,0.11308491230010986,0,1,Input validation raised image-quality warnings.,0,111.48065185546875,31.752405166625977,105.1517333984375,0.06059636175632477
44,cell_images/Uninfected/C179P140ThinF_IMG_20151127_153436_cell_130.png,0,underexposed,0.14892077445983887,0,1,Input validation raised image-quality warnings.,0,50.0600471496582,31.489500045776367,103.5535659790039,0.10783617198467255
44,cell_images/Uninfected/C179P140ThinF_IMG_20151127_153436_cell_130.png,0,overexposed,0.2017853856086731,0,0,Score is outside the configured review band.,1,178.8074951171875,112.2127914428711,1174.0333251953125,0.025322318077087402
44,cell_images/Uninfected/C179P140ThinF_IMG_20151127_153436_cell_130.png,0,gaussian_noise,0.0794188380241394,0,0,Score is outside the configured review band.,1,113.72610473632812,67.79362487792969,766.826171875,0.395334929227829
44,cell_images/Uninfected/C179P140ThinF_IMG_20151127_153436_cell_130.png,0,jpeg_compression,0.05890458822250366,0,0,Score is outside the configured review band.,1,113.0767822265625,68.534423828125,433.693603515625,0.1535797119140625
45,cell_images/Uninfected/C152P113ThinF_IMG_20151115_124032_cell_110.png,0,clean,0.016956984996795654,0,0,Score is outside the configured review band.,1,117.6417236328125,64.57719421386719,533.641357421875,0.12981408834457397
45,cell_images/Uninfected/C152P113ThinF_IMG_20151115_124032_cell_110.png,0,gaussian_blur,0.4715741276741028,1,1,Input validation raised image-quality warnings.,0,117.58236694335938,57.22968673706055,43.433738708496094,0.13299953937530518
45,cell_images/Uninfected/C152P113ThinF_IMG_20151115_124032_cell_110.png,0,low_contrast,0.027041077613830566,0,1,Input validation raised image-quality warnings.,0,117.26882934570312,29.234285354614258,109.24995422363281,0.07036274671554565
45,cell_images/Uninfected/C152P113ThinF_IMG_20151115_124032_cell_110.png,0,underexposed,0.0474817156791687,0,1,Input validation raised image-quality warnings.,0,52.567420959472656,28.8678035736084,106.89764404296875,0.1303969919681549
45,cell_images/Uninfected/C152P113ThinF_IMG_20151115_124032_cell_110.png,0,overexposed,0.03537863492965698,0,0,Score is outside the configured review band.,1,185.19952392578125,99.7691421508789,1020.4358520507812,0.07186073064804077
45,cell_images/Uninfected/C152P113ThinF_IMG_20151115_124032_cell_110.png,0,gaussian_noise,0.02503645420074463,0,0,Score is outside the configured review band.,1,118.95438385009766,62.18653869628906,783.0809326171875,0.3708573281764984
45,cell_images/Uninfected/C152P113ThinF_IMG_20151115_124032_cell_110.png,0,jpeg_compression,0.24463766813278198,0,1,Score is within 0.075 of the decision threshold.,1,118.5784912109375,62.46706008911133,412.8577575683594,0.16388264298439026
46,cell_images/Uninfected/C155P116ThinF_IMG_20151115_142526_cell_36.png,0,clean,0.004860877990722656,0,0,Score is outside the configured review band.,1,95.877685546875,78.75464630126953,391.3192138671875,0.07150164246559143
46,cell_images/Uninfected/C155P116ThinF_IMG_20151115_142526_cell_36.png,0,gaussian_blur,0.1402074098587036,0,1,Input validation raised image-quality warnings.,0,95.85142517089844,74.2682113647461,36.342254638671875,0.07719191163778305
46,cell_images/Uninfected/C155P116ThinF_IMG_20151115_142526_cell_36.png,0,low_contrast,0.004299283027648926,0,1,Input validation raised image-quality warnings.,0,95.34538269042969,35.6033821105957,79.91871643066406,0.04317981377243996
46,cell_images/Uninfected/C155P116ThinF_IMG_20151115_142526_cell_36.png,0,underexposed,0.004919290542602539,0,1,Input validation raised image-quality warnings.,0,42.86336135864258,35.21031188964844,78.3555908203125,0.0722605437040329
46,cell_images/Uninfected/C155P116ThinF_IMG_20151115_142526_cell_36.png,0,overexposed,0.013090074062347412,0,0,Score is outside the configured review band.,1,151.2743377685547,123.96427917480469,829.02197265625,0.007373930420726538
46,cell_images/Uninfected/C155P116ThinF_IMG_20151115_142526_cell_36.png,0,gaussian_noise,0.03818368911743164,0,0,Score is outside the configured review band.,1,98.71373748779297,75.43942260742188,626.1093139648438,0.4589993953704834
46,cell_images/Uninfected/C155P116ThinF_IMG_20151115_142526_cell_36.png,0,jpeg_compression,0.004718422889709473,0,0,Score is outside the configured review band.,1,97.22565460205078,77.21073150634766,311.855224609375,0.11128752678632736
47,cell_images/Parasitized/C64P25N_ThinF_IMG_20150818_152921_cell_182.png,1,clean,0.9999671129007766,1,0,Score is outside the configured review band.,1,118.80477142333984,66.4368667602539,448.38739013671875,0.2625788152217865
47,cell_images/Parasitized/C64P25N_ThinF_IMG_20150818_152921_cell_182.png,1,gaussian_blur,0.9967152008321136,1,1,Input validation raised image-quality warnings.,0,118.7771987915039,60.12521743774414,41.83749771118164,0.29106950759887695
47,cell_images/Parasitized/C64P25N_ThinF_IMG_20150818_152921_cell_182.png,1,low_contrast,0.9914690097793937,1,1,Input validation raised image-quality warnings.,0,118.43898010253906,29.886667251586914,90.84739685058594,0.1517222821712494
47,cell_images/Parasitized/C64P25N_ThinF_IMG_20150818_152921_cell_182.png,1,underexposed,0.9966001368593425,1,1,Input validation raised image-quality warnings.,0,53.08552932739258,29.697294235229492,89.84904479980469,0.26390892267227173
47,cell_images/Parasitized/C64P25N_ThinF_IMG_20150818_152921_cell_182.png,1,overexposed,0.9999989871852222,1,0,Score is outside the configured review band.,1,177.05433654785156,97.92216491699219,879.5010986328125,0.11635392159223557
47,cell_images/Parasitized/C64P25N_ThinF_IMG_20150818_152921_cell_182.png,1,gaussian_noise,0.21488827466964722,0,1,Score is within 0.075 of the decision threshold.,1,120.20748901367188,64.08059692382812,713.2322998046875,0.47874048352241516
47,cell_images/Parasitized/C64P25N_ThinF_IMG_20150818_152921_cell_182.png,1,jpeg_compression,0.9998404476646101,1,0,Score is outside the configured review band.,1,119.95706939697266,64.47100067138672,358.4278564453125,0.36320170760154724
48,cell_images/Uninfected/C127P88ThinF_IMG_20151004_111436_cell_98.png,0,clean,0.058379530906677246,0,0,Score is outside the configured review band.,1,107.95880126953125,75.95891571044922,431.5232849121094,0.21838225424289703
48,cell_images/Uninfected/C127P88ThinF_IMG_20151004_111436_cell_98.png,0,gaussian_blur,0.6581571996212006,1,1,Input validation raised image-quality warnings.,0,107.9173812866211,70.72486877441406,39.947479248046875,0.25082874298095703
48,cell_images/Uninfected/C127P88ThinF_IMG_20151004_111436_cell_98.png,0,low_contrast,0.04514932632446289,0,1,Input validation raised image-quality warnings.,0,107.50433349609375,34.12968444824219,87.2975845336914,0.13246549665927887
48,cell_images/Uninfected/C127P88ThinF_IMG_20151004_111436_cell_98.png,0,underexposed,0.04745173454284668,0,1,Input validation raised image-quality warnings.,0,48.27164077758789,33.96342849731445,86.29312133789062,0.21980462968349457
48,cell_images/Uninfected/C127P88ThinF_IMG_20151004_111436_cell_98.png,0,overexposed,0.23339509963989258,0,1,Score is within 0.075 of the decision threshold.,1,161.46815490722656,113.48809814453125,910.0052490234375,0.07812660932540894
48,cell_images/Uninfected/C127P88ThinF_IMG_20151004_111436_cell_98.png,0,gaussian_noise,0.23354005813598633,0,1,Score is within 0.075 of the decision threshold.,1,110.24784851074219,73.07575988769531,682.2686157226562,0.5163087844848633
48,cell_images/Uninfected/C127P88ThinF_IMG_20151004_111436_cell_98.png,0,jpeg_compression,0.2495226263999939,0,1,Score is within 0.075 of the decision threshold.,1,109.39141845703125,74.15706634521484,361.0888671875,0.3366042971611023
49,cell_images/Uninfected/C107P68ThinF_IMG_20150924_222630_cell_151.png,0,clean,0.0759010910987854,0,0,Score is outside the configured review band.,1,121.37814331054688,78.4256591796875,447.94720458984375,0.2163306176662445
49,cell_images/Uninfected/C107P68ThinF_IMG_20150924_222630_cell_151.png,0,gaussian_blur,0.07803982496261597,0,1,Input validation raised image-quality warnings.,0,121.33562469482422,73.38056182861328,40.391510009765625,0.24287006258964539
49,cell_images/Uninfected/C107P68ThinF_IMG_20150924_222630_cell_151.png,0,low_contrast,0.04518294334411621,0,1,Input validation raised image-quality warnings.,0,120.61979675292969,35.29270553588867,90.92382049560547,0.12765517830848694
49,cell_images/Uninfected/C107P68ThinF_IMG_20150924_222630_cell_151.png,0,underexposed,0.08001673221588135,0,1,Input validation raised image-quality warnings.,0,54.2428092956543,35.05000686645508,89.67594146728516,0.21676115691661835
49,cell_images/Uninfected/C107P68ThinF_IMG_20150924_222630_cell_151.png,0,overexposed,0.266811728477478,0,1,Score is within 0.075 of the decision threshold.,1,178.24746704101562,115.0855941772461,878.691650390625,0.032682519406080246
49,cell_images/Uninfected/C107P68ThinF_IMG_20150924_222630_cell_151.png,0,gaussian_noise,0.02929508686065674,0,0,Score is outside the configured review band.,1,123.31439971923828,75.53317260742188,709.9464111328125,0.48183295130729675
49,cell_images/Uninfected/C107P68ThinF_IMG_20150924_222630_cell_151.png,0,jpeg_compression,0.1768243908882141,0,0,Score is outside the configured review band.,1,122.75811767578125,76.46501922607422,334.10614013671875,0.32702988386154175
50,cell_images/Parasitized/C130P91ThinF_IMG_20151004_135449_cell_131.png,1,clean,0.8728855401277542,1,0,Score is outside the configured review band.,1,103.23458099365234,85.65225982666016,482.4184875488281,0.16851471364498138
50,cell_images/Parasitized/C130P91ThinF_IMG_20151004_135449_cell_131.png,1,gaussian_blur,0.9951700535602868,1,1,Input validation raised image-quality warnings.,0,103.23570251464844,80.56574249267578,45.31328582763672,0.19604825973510742
50,cell_images/Parasitized/C130P91ThinF_IMG_20151004_135449_cell_131.png,1,low_contrast,0.4666351079940796,1,1,Input validation raised image-quality warnings.,0,102.51380920410156,38.59249496459961,98.11306762695312,0.106296606361866
50,cell_images/Parasitized/C130P91ThinF_IMG_20151004_135449_cell_131.png,1,underexposed,0.2689535617828369,0,1,Score is within 0.075 of the decision threshold. Input validation raised image-quality warnings.,0,46.17610549926758,38.31475830078125,96.59013366699219,0.16941103339195251
50,cell_images/Parasitized/C130P91ThinF_IMG_20151004_135449_cell_131.png,1,overexposed,0.9989524378906935,1,0,Score is outside the configured review band.,1,150.0558624267578,124.32526397705078,950.1881103515625,0.009895059280097485
50,cell_images/Parasitized/C130P91ThinF_IMG_20151004_135449_cell_131.png,1,gaussian_noise,0.5425253510475159,1,0,Score is outside the configured review band.,1,106.11410522460938,82.407958984375,705.5460815429688,0.5283264517784119
50,cell_images/Parasitized/C130P91ThinF_IMG_20151004_135449_cell_131.png,1,jpeg_compression,0.9987630236428231,1,0,Score is outside the configured review band.,1,104.56402587890625,83.6463851928711,383.19677734375,0.2875548005104065
51,cell_images/Parasitized/C39P4thinF_original_IMG_20150622_114804_cell_17.png,1,clean,0.9999833110923646,1,0,Score is outside the configured review band.,1,114.03421783447266,72.83821105957031,422.64501953125,0.19316919147968292
51,cell_images/Parasitized/C39P4thinF_original_IMG_20150622_114804_cell_17.png,1,gaussian_blur,0.9998055088799447,1,1,Input validation raised image-quality warnings.,0,114.0154037475586,67.50530242919922,40.63905334472656,0.2155025601387024
51,cell_images/Parasitized/C39P4thinF_original_IMG_20150622_114804_cell_17.png,1,low_contrast,0.9998461322829826,1,1,Input validation raised image-quality warnings.,0,113.48347473144531,32.88008499145508,86.20561218261719,0.11111019551753998
51,cell_images/Parasitized/C39P4thinF_original_IMG_20150622_114804_cell_17.png,1,underexposed,0.9998043159721419,1,1,Input validation raised image-quality warnings.,0,50.965301513671875,32.56486129760742,84.57461547851562,0.19421608746051788
51,cell_images/Parasitized/C39P4thinF_original_IMG_20150622_114804_cell_17.png,1,overexposed,0.9999995604090088,1,0,Score is outside the configured review band.,1,172.04202270507812,108.36396026611328,928.0264282226562,0.0734516903758049
51,cell_images/Parasitized/C39P4thinF_original_IMG_20150622_114804_cell_17.png,1,gaussian_noise,0.9945788467302918,1,0,Score is outside the configured review band.,1,115.81684112548828,70.24858093261719,684.8603515625,0.45337167382240295
51,cell_images/Parasitized/C39P4thinF_original_IMG_20150622_114804_cell_17.png,1,jpeg_compression,0.9999998728835777,1,0,Score is outside the configured review band.,1,115.24803924560547,70.95687866210938,333.1883239746094,0.3068377375602722
52,cell_images/Parasitized/C101P62ThinF_IMG_20150918_151942_cell_67.png,1,clean,0.9997786201274721,1,0,Score is outside the configured review band.,1,110.26032257080078,75.93693542480469,478.74554443359375,0.24014069139957428
52,cell_images/Parasitized/C101P62ThinF_IMG_20150918_151942_cell_67.png,1,gaussian_blur,0.9999901852197581,1,1,Input validation raised image-quality warnings.,0,110.2479019165039,70.03240203857422,46.467994689941406,0.269182413816452
52,cell_images/Parasitized/C101P62ThinF_IMG_20150918_151942_cell_67.png,1,low_contrast,0.9988045101054013,1,1,Input validation raised image-quality warnings.,0,109.62963104248047,34.17942810058594,96.92807006835938,0.145802304148674
52,cell_images/Parasitized/C101P62ThinF_IMG_20150918_151942_cell_67.png,1,underexposed,0.9992828304530121,1,1,Input validation raised image-quality warnings.,0,49.279022216796875,33.94757843017578,95.77950286865234,0.24126110970973969
52,cell_images/Parasitized/C101P62ThinF_IMG_20150918_151942_cell_67.png,1,overexposed,0.9999999603136729,1,0,Score is outside the configured review band.,1,161.9784698486328,110.98843383789062,939.0054931640625,0.08166902512311935
52,cell_images/Parasitized/C101P62ThinF_IMG_20150918_151942_cell_67.png,1,gaussian_noise,0.9742274302989244,1,0,Score is outside the configured review band.,1,112.36697387695312,73.12323760986328,730.5006103515625,0.5236634612083435
52,cell_images/Parasitized/C101P62ThinF_IMG_20150918_151942_cell_67.png,1,jpeg_compression,0.9997294292843435,1,0,Score is outside the configured review band.,1,111.5233154296875,74.00048065185547,379.665283203125,0.34690016508102417
53,cell_images/Uninfected/C62P23N_ThinF_IMG_20150818_133055_cell_3.png,0,clean,0.032721102237701416,0,0,Score is outside the configured review band.,1,117.3079605102539,75.600830078125,445.5513916015625,0.2099452167749405
53,cell_images/Uninfected/C62P23N_ThinF_IMG_20150818_133055_cell_3.png,0,gaussian_blur,0.1385473608970642,0,1,Input validation raised image-quality warnings.,0,117.27302551269531,70.3008041381836,41.03715896606445,0.23871755599975586
53,cell_images/Uninfected/C62P23N_ThinF_IMG_20150818_133055_cell_3.png,0,low_contrast,0.02397972345352173,0,1,Input validation raised image-quality warnings.,0,116.69927978515625,33.9638671875,89.99195861816406,0.12471016496419907
53,cell_images/Uninfected/C62P23N_ThinF_IMG_20150818_133055_cell_3.png,0,underexposed,0.02814728021621704,0,1,Input validation raised image-quality warnings.,0,52.432838439941406,33.79377365112305,89.11053466796875,0.21086768805980682
53,cell_images/Uninfected/C62P23N_ThinF_IMG_20150818_133055_cell_3.png,0,overexposed,0.05096006393432617,0,0,Score is outside the configured review band.,1,173.99163818359375,111.9520492553711,946.873046875,0.042302586138248444
53,cell_images/Uninfected/C62P23N_ThinF_IMG_20150818_133055_cell_3.png,0,gaussian_noise,0.046119093894958496,0,0,Score is outside the configured review band.,1,119.2841567993164,72.70387268066406,700.42626953125,0.4874745011329651
53,cell_images/Uninfected/C62P23N_ThinF_IMG_20150818_133055_cell_3.png,0,jpeg_compression,0.10694468021392822,0,0,Score is outside the configured review band.,1,118.51972961425781,73.53063201904297,333.0985107421875,0.3291541039943695
54,cell_images/Uninfected/C235ThinF_IMG_20151112_165055_cell_4.png,0,clean,0.048172593116760254,0,0,Score is outside the configured review band.,1,137.98289489746094,73.94134521484375,504.59881591796875,0.05769580602645874
54,cell_images/Uninfected/C235ThinF_IMG_20151112_165055_cell_4.png,0,gaussian_blur,0.9767974428832531,1,1,Input validation raised image-quality warnings.,0,137.93209838867188,67.8954849243164,45.05695343017578,0.06286562979221344
54,cell_images/Uninfected/C235ThinF_IMG_20151112_165055_cell_4.png,0,low_contrast,0.025638163089752197,0,1,Input validation raised image-quality warnings.,0,137.41983032226562,33.449581146240234,103.28730010986328,0.0307394377887249
54,cell_images/Uninfected/C235ThinF_IMG_20151112_165055_cell_4.png,0,underexposed,0.04393875598907471,0,1,Input validation raised image-quality warnings.,0,61.71510314941406,33.073368072509766,101.15863037109375,0.058465130627155304
54,cell_images/Uninfected/C235ThinF_IMG_20151112_165055_cell_4.png,0,overexposed,0.09856051206588745,0,0,Score is outside the configured review band.,1,198.3038787841797,106.0333023071289,889.1007080078125,0.0
54,cell_images/Uninfected/C235ThinF_IMG_20151112_165055_cell_4.png,0,gaussian_noise,0.08507424592971802,0,0,Score is outside the configured review band.,1,139.45069885253906,71.649169921875,780.3045654296875,0.32599547505378723
54,cell_images/Uninfected/C235ThinF_IMG_20151112_165055_cell_4.png,0,jpeg_compression,0.27086877822875977,0,1,Score is within 0.075 of the decision threshold.,1,138.939453125,72.07836151123047,384.3851623535156,0.06185206025838852
55,cell_images/Parasitized/C68P29N_ThinF_IMG_20150819_133350_cell_191.png,1,clean,0.8605373054742813,1,0,Score is outside the configured review band.,1,106.01947021484375,80.02483367919922,405.6429138183594,0.1726248413324356
55,cell_images/Parasitized/C68P29N_ThinF_IMG_20150819_133350_cell_191.png,1,gaussian_blur,0.969036040827632,1,1,Input validation raised image-quality warnings.,0,105.99746704101562,75.44441986083984,37.160621643066406,0.1922929584980011
55,cell_images/Parasitized/C68P29N_ThinF_IMG_20150819_133350_cell_191.png,1,low_contrast,0.31309056282043457,1,1,Score is within 0.075 of the decision threshold. Input validation raised image-quality warnings.,0,105.59452819824219,35.92790222167969,81.84011840820312,0.10495348274707794
55,cell_images/Parasitized/C68P29N_ThinF_IMG_20150819_133350_cell_191.png,1,underexposed,0.350103497505188,1,1,Score is within 0.075 of the decision threshold. Input validation raised image-quality warnings.,0,47.41092300415039,35.78984451293945,81.23094940185547,0.1735999584197998
55,cell_images/Parasitized/C68P29N_ThinF_IMG_20150819_133350_cell_191.png,1,overexposed,0.9752731621265411,1,0,Score is outside the configured review band.,1,157.21311950683594,118.09998321533203,805.8995361328125,0.0411016084253788
55,cell_images/Parasitized/C68P29N_ThinF_IMG_20150819_133350_cell_191.png,1,gaussian_noise,0.6181363463401794,1,0,Score is outside the configured review band.,1,108.49081420898438,76.96414184570312,646.4212036132812,0.48815327882766724
55,cell_images/Parasitized/C68P29N_ThinF_IMG_20150819_133350_cell_191.png,1,jpeg_compression,0.920213982462883,1,0,Score is outside the configured review band.,1,107.53497314453125,78.40125274658203,313.6830139160156,0.2647631764411926
56,cell_images/Parasitized/C39P4thinF_original_IMG_20150622_111326_cell_1.png,1,clean,0.5203702449798584,1,0,Score is outside the configured review band.,1,118.58026885986328,73.52009582519531,568.3658447265625,0.1609053909778595
56,cell_images/Parasitized/C39P4thinF_original_IMG_20150622_111326_cell_1.png,1,gaussian_blur,0.7811581492424011,1,1,Input validation raised image-quality warnings.,0,118.53650665283203,66.51555633544922,51.847442626953125,0.18700742721557617
56,cell_images/Parasitized/C39P4thinF_original_IMG_20150622_111326_cell_1.png,1,low_contrast,0.27669548988342285,0,1,Score is within 0.075 of the decision threshold. Input validation raised image-quality warnings.,0,118.31790161132812,33.05866241455078,115.10082244873047,0.09172875434160233
56,cell_images/Parasitized/C39P4thinF_original_IMG_20150622_111326_cell_1.png,1,underexposed,0.2637068033218384,0,1,Score is within 0.075 of the decision threshold. Input validation raised image-quality warnings.,0,52.999244689941406,32.862937927246094,113.81150817871094,0.16193340718746185
56,cell_images/Parasitized/C39P4thinF_original_IMG_20150622_111326_cell_1.png,1,overexposed,0.9762935154139996,1,0,Score is outside the configured review band.,1,180.4877166748047,111.51087951660156,1187.44140625,0.02969219535589218
56,cell_images/Parasitized/C39P4thinF_original_IMG_20150622_111326_cell_1.png,1,gaussian_noise,0.14313405752182007,0,0,Score is outside the configured review band.,1,120.39838409423828,70.89625549316406,822.4078369140625,0.43024924397468567
56,cell_images/Parasitized/C39P4thinF_original_IMG_20150622_111326_cell_1.png,1,jpeg_compression,0.9598737098276615,1,0,Score is outside the configured review band.,1,119.67985534667969,71.12186431884766,442.0931396484375,0.2766188681125641
57,cell_images/Uninfected/C54P15thinF_IMG_20150728_113006_cell_12.png,0,clean,0.09625411033630371,0,0,Score is outside the configured review band.,1,120.93165588378906,72.05326843261719,449.29766845703125,0.1752016842365265
57,cell_images/Uninfected/C54P15thinF_IMG_20150728_113006_cell_12.png,0,gaussian_blur,0.02039778232574463,0,1,Input validation raised image-quality warnings.,0,120.87982940673828,66.48782348632812,39.38859558105469,0.19619624316692352
57,cell_images/Uninfected/C54P15thinF_IMG_20150728_113006_cell_12.png,0,low_contrast,0.02846890687942505,0,1,Input validation raised image-quality warnings.,0,120.48233795166016,32.45977783203125,91.20642852783203,0.09916074573993683
57,cell_images/Uninfected/C54P15thinF_IMG_20150728_113006_cell_12.png,0,underexposed,0.05238217115402222,0,1,Input validation raised image-quality warnings.,0,54.07258605957031,32.218650817871094,89.94601440429688,0.1760036051273346
57,cell_images/Uninfected/C54P15thinF_IMG_20150728_113006_cell_12.png,0,overexposed,0.02998441457748413,0,0,Score is outside the configured review band.,1,182.02972412109375,107.64852905273438,895.2779541015625,0.042588330805301666
57,cell_images/Uninfected/C54P15thinF_IMG_20150728_113006_cell_12.png,0,gaussian_noise,0.024072587490081787,0,0,Score is outside the configured review band.,1,122.65142059326172,69.5052719116211,726.491455078125,0.42780324816703796
57,cell_images/Uninfected/C54P15thinF_IMG_20150728_113006_cell_12.png,0,jpeg_compression,0.01974630355834961,0,0,Score is outside the configured review band.,1,122.1444320678711,70.11886596679688,352.79833984375,0.27078554034233093
58,cell_images/Parasitized/C109P70ThinF_IMG_20150930_103214_cell_183.png,1,clean,0.38269442319869995,1,0,Score is outside the configured review band.,1,124.5102310180664,82.73814392089844,515.478515625,0.1719016432762146
58,cell_images/Parasitized/C109P70ThinF_IMG_20150930_103214_cell_183.png,1,gaussian_blur,0.8593042939901352,1,1,Input validation raised image-quality warnings.,0,124.47298431396484,77.04721069335938,48.11515426635742,0.19362105429172516
58,cell_images/Parasitized/C109P70ThinF_IMG_20150930_103214_cell_183.png,1,low_contrast,0.36500293016433716,1,1,Input validation raised image-quality warnings.,0,123.84207153320312,37.107425689697266,103.72117614746094,0.1002148911356926
58,cell_images/Parasitized/C109P70ThinF_IMG_20150930_103214_cell_183.png,1,underexposed,0.3741563558578491,1,1,Input validation raised image-quality warnings.,0,55.688232421875,37.007328033447266,103.34556579589844,0.1721840500831604
58,cell_images/Parasitized/C109P70ThinF_IMG_20150930_103214_cell_183.png,1,overexposed,0.8505332171916962,1,0,Score is outside the configured review band.,1,176.72694396972656,117.22938537597656,929.9776000976562,0.004686634987592697
58,cell_images/Parasitized/C109P70ThinF_IMG_20150930_103214_cell_183.png,1,gaussian_noise,0.0742642879486084,0,0,Score is outside the configured review band.,1,126.70442199707031,79.86849975585938,768.896728515625,0.4496721923351288
58,cell_images/Parasitized/C109P70ThinF_IMG_20150930_103214_cell_183.png,1,jpeg_compression,0.3372572064399719,1,1,Score is within 0.075 of the decision threshold.,1,125.67800903320312,80.8575668334961,408.79010009765625,0.2608959376811981
59,cell_images/Parasitized/C80P41ThinF_IMG_20150817_110348_cell_121.png,1,clean,0.9969393515493721,1,0,Score is outside the configured review band.,1,113.77904510498047,65.22115325927734,337.9366760253906,0.2486189603805542
59,cell_images/Parasitized/C80P41ThinF_IMG_20150817_110348_cell_121.png,1,gaussian_blur,0.989537974819541,1,1,Input validation raised image-quality warnings.,0,113.74494171142578,60.525875091552734,31.713415145874023,0.27291637659072876
59,cell_images/Parasitized/C80P41ThinF_IMG_20150817_110348_cell_121.png,1,low_contrast,0.9631938003003597,1,1,Input validation raised image-quality warnings.,0,113.37614440917969,29.447742462158203,68.88850402832031,0.14429152011871338
59,cell_images/Parasitized/C80P41ThinF_IMG_20150817_110348_cell_121.png,1,underexposed,0.9845030037686229,1,1,Input validation raised image-quality warnings.,0,50.83348846435547,29.145038604736328,67.672607421875,0.24984696507453918
59,cell_images/Parasitized/C80P41ThinF_IMG_20150817_110348_cell_121.png,1,overexposed,0.9997242223180365,1,0,Score is outside the configured review band.,1,172.86184692382812,98.52637481689453,738.6578979492188,0.1224316656589508
59,cell_images/Parasitized/C80P41ThinF_IMG_20150817_110348_cell_121.png,1,gaussian_noise,0.358371376991272,1,1,Score is within 0.075 of the decision threshold.,1,115.38534545898438,62.932918548583984,624.223388671875,0.4783753454685211
59,cell_images/Parasitized/C80P41ThinF_IMG_20150817_110348_cell_121.png,1,jpeg_compression,0.7930444031953812,1,0,Score is outside the configured review band.,1,114.76720428466797,63.31393814086914,261.3240966796875,0.3410201668739319
